URL,Last crawled,Status
https://e-mart.com.bd/shop/purito-wonder-releaf-centella-toner-unscented-30ml-mini,2026-05-06,Pending
https://e-mart.com.bd/shop/wishcare-niacinamide-oil-balance-fluid-sunscreen-spf-50-pa,2026-05-06,Pending
https://e-mart.com.bd/brands/lebelage,2026-05-06,Pending
https://e-mart.com.bd/shop/keli-compressed-sheet-mask-chocolate-mask-01-pcs,2026-05-06,Pending
https://e-mart.com.bd/shop/w-skin-laboratory-a-m-boosting-serum-30-ml,2026-05-05,Pending
https://e-mart.com.bd/brands/cnp-laboratory,2026-05-05,Pending
https://e-mart.com.bd/shop/isntree-onion-newpair-booster-shot-2000-50ml,2026-05-05,Pending
https://e-mart.com.bd/shop/isntree-hyaluronic-acid-moist-cream-100ml-3-38-fl-oz,2026-05-04,Pending
https://e-mart.com.bd/category/skincare-essentials?page=2,2026-05-04,Pending
https://e-mart.com.bd/_next/static/media/b799e40d1da4cba6-s.p.woff2,2026-05-04,Pending
https://e-mart.com.bd/_next/static/media/bb185c3b111b9a6e-s.p.woff2,2026-05-04,Pending
https://e-mart.com.bd/manifest.webmanifest,2026-05-04,Pending
https://e-mart.com.bd/_next/static/media/9dd75fadc5b3df29-s.p.woff2,2026-05-04,Pending
https://e-mart.com.bd/shop/nivea-sun-protect-super-water-gel-sunscreen-spf50-pa-125g-refill-pack,2026-05-04,Pending
https://e-mart.com.bd/brands/panoxyl,2026-05-04,Pending
https://e-mart.com.bd/brands/mary-and-may,2026-05-04,Pending
https://e-mart.com.bd/brands/nature-skin,2026-05-04,Pending
https://e-mart.com.bd/brands/the-derma-co,2026-05-04,Pending
https://e-mart.com.bd/brands/loreal,2026-05-04,Pending
https://e-mart.com.bd/brands/skinaqua,2026-05-04,Pending
https://e-mart.com.bd/brands/wskinlab,2026-05-04,Pending
https://e-mart.com.bd/brands/kose,2026-05-04,Pending
https://e-mart.com.bd/brands/skincafe,2026-05-04,Pending
https://e-mart.com.bd/brands/belif,2026-05-04,Pending
https://e-mart.com.bd/brands/aprilskin,2026-05-04,Pending
https://e-mart.com.bd/brands/blab,2026-05-04,Pending
https://e-mart.com.bd/brands/streax,2026-05-04,Pending
https://e-mart.com.bd/brands/ponds,2026-05-04,Pending
https://e-mart.com.bd/brands/elastine,2026-05-04,Pending
https://e-mart.com.bd/shop/innisfree-intensive-long-lasting-sunscreen-spf50-pa-2,2026-05-04,Pending
https://e-mart.com.bd/product/3w-clinic-rose-eye-cream-40ml/,2026-05-03,Pending
https://e-mart.com.bd/shop/innisfree-black-tea-youth-enhancing-ampoule-30-ml-2,2026-05-03,Pending
https://e-mart.com.bd/_next/static/media/3f70dd7dc665a918-s.p.woff2,2026-05-02,Pending
https://e-mart.com.bd/shop/the-derma-co-snail-peptide-96-under-eye-repair-cream-15g,2026-05-02,Pending
https://e-mart.com.bd/shop/anua-7-rice-ceramide-hydrating-barrier-serum-50ml,2026-05-02,Pending
https://e-mart.com.bd/shop/holika-holika-damage-care-treatment-200ml,2026-05-02,Pending
https://e-mart.com.bd/_next/static/media/a2026c2855f26d92-s.p.woff2,2026-05-01,Pending
https://e-mart.com.bd/_next/static/media/ffe82e8670ea94ea-s.p.woff2,2026-05-01,Pending
https://e-mart.com.bd/_next/static/media/d550ab7c3b0775b5-s.p.woff2,2026-05-01,Pending
https://e-mart.com.bd/brands/the-inkey-list?page=2,2026-05-01,Pending
https://e-mart.com.bd/shop/beauty-of-joseon-relief-sun-aqua-fresh-rice-b5-50ml,2026-05-01,Pending
https://e-mart.com.bd/shop/some-by-mi-aha-bha-pha-calming-body-lotion-200ml,2026-05-01,Pending
https://e-mart.com.bd/_next/static/media/88f8bd08eee39201-s.p.woff2,2026-05-01,Pending
https://e-mart.com.bd/brands/april-skin,2026-05-01,Pending
https://e-mart.com.bd/brands/aestura,2026-05-01,Pending
https://e-mart.com.bd/brands/laneige,2026-05-01,Pending
https://e-mart.com.bd/brands/bellflower,2026-05-01,Pending
https://e-mart.com.bd/brands/dr-ceuracle,2026-05-01,Pending
https://e-mart.com.bd/brands/vanicream,2026-05-01,Pending
https://e-mart.com.bd/brands/valentine,2026-05-01,Pending
https://e-mart.com.bd/brands/athena,2026-05-01,Pending
https://e-mart.com.bd/brands/differin,2026-05-01,Pending
https://e-mart.com.bd/brands/seba-med,2026-05-01,Pending
https://e-mart.com.bd/brands/zeze,2026-05-01,Pending
https://e-mart.com.bd/brands/ample-n,2026-05-01,Pending
https://e-mart.com.bd/brands/plu365,2026-05-01,Pending
https://e-mart.com.bd/brands/yanagiya,2026-05-01,Pending
https://e-mart.com.bd/brands/skinmiso,2026-05-01,Pending
https://e-mart.com.bd/brands/cold-pressed,2026-05-01,Pending
https://e-mart.com.bd/brands/sebamed,2026-05-01,Pending
https://e-mart.com.bd/brands/ahc,2026-05-01,Pending
https://e-mart.com.bd/brands/shiseido,2026-05-01,Pending
https://e-mart.com.bd/brands/farm-stay,2026-05-01,Pending
https://e-mart.com.bd/brands/bioderma,2026-05-01,Pending
https://e-mart.com.bd/_next/static/media/a9362c7696318d6d-s.p.woff2,2026-05-01,Pending
https://e-mart.com.bd/brands/beaute-melasma-x-collagen,2026-05-01,Pending
https://e-mart.com.bd/brands/rivaj,2026-05-01,Pending
https://e-mart.com.bd/brands/beauty-formulas,2026-05-01,Pending
https://e-mart.com.bd/brands/apieu,2026-05-01,Pending
https://e-mart.com.bd/shop/marymay-rose-hyaluronic-hydra-wash-off-pack-125g,2026-04-30,Pending
https://e-mart.com.bd/shop/lmltop-soft-cotton-pads-150pcs,2026-04-29,Pending
https://e-mart.com.bd/shop/bellflower-red-ginseng-66-serum-30ml,2026-04-29,Pending
https://e-mart.com.bd/shop/ryo-vegan-hair-dye-cream-soft-black-3-0,2026-04-28,Pending
https://e-mart.com.bd/shop/cosrx-advanced-snail-96-mucin-power-essence-30ml-mini,2026-04-28,Pending
https://e-mart.com.bd/shop/skin1004-madagascar-centella-tea-trica-bha-foam-cleanser-125ml,2026-04-28,Pending
https://e-mart.com.bd/shop/klairs-all-day-airy-sunscreen-50ml,2026-04-28,Pending
https://e-mart.com.bd/shop/dot-and-key-cica-calming-mattifying-sunscreen-spf-50-pa-with-niacinamide-80g,2026-04-28,Pending
https://e-mart.com.bd/shop/some-by-mi-retinol-intense-trial-kit,2026-04-28,Pending
https://e-mart.com.bd/product/some-by-mi-retinol-intense-trial-kit/,2026-04-28,Pending
https://e-mart.com.bd/product/im-from-mugwort-essence-30ml/,2026-04-28,Pending
https://e-mart.com.bd/shop/goodal-vegan-rice-milk-moisturizing-cream-70ml,2026-04-27,Pending
https://e-mart.com.bd/shop/aqualogica-radiance-squishy-shower-gel-with-watermelon-niacinamide-for-radiant-skin-250ml,2026-04-27,Pending
https://e-mart.com.bd/shop/dabo-rice-ferment-foam-cleanser-whitening-shining-100ml,2026-04-27,Pending
https://e-mart.com.bd/category/makeup-remover,2026-04-27,Pending
https://e-mart.com.bd/category/hair-personal-care?page=2,2026-04-27,Pending
https://e-mart.com.bd/shop/raip-r3-argan-hair-oil-100-ml-baby-powder,2026-04-26,Pending
https://e-mart.com.bd/shop/numbuzin-no-5-daily-multi-vitamin-cream-60ml,2026-04-25,Pending
https://e-mart.com.bd/shop/cerave-sa-lotion-for-rough-bumpy-skin-237ml,2026-04-25,Pending
https://e-mart.com.bd/shop/the-inkey-list-q10-serum-30ml,2026-04-25,Pending
https://e-mart.com.bd/shop/kerasys-devils-edition-citrus-bungee-perfumed-shampoo-600-ml,2026-04-25,Pending
https://e-mart.com.bd/shop/bioaqua-red-pomegranate-moisturizing-sheet-mask-25g,2026-04-25,Pending
https://e-mart.com.bd/shop/cosrx-snail-essence-snail-cream-combo,2026-04-25,Pending
https://e-mart.com.bd/shop/dabo-rice-ferment-foam-cleanser-whitening-shining-180ml,2026-04-25,Pending
https://e-mart.com.bd/shop/round-lab-mugwort-calming-toner-300ml,2026-04-25,Pending
https://e-mart.com.bd/shop/mise-en-scene-perfect-serum-trio-kit,2026-04-24,Pending
https://e-mart.com.bd/shop/dot-key-strawberry-dew-tinted-sunscreen-spf-50-pa-50ml-02-warm-ivory,2026-04-24,Pending
https://e-mart.com.bd/shop/paulas-choice-clinical-niacinamide-20-treatment-20ml,2026-04-24,Pending
https://e-mart.com.bd/shop/dabo-skin-relief-hand-cream-shea-butter-75-ml,2026-04-24,Pending
https://e-mart.com.bd/shop/the-derma-co-2-kojic-acid-face-cream-30g,2026-04-23,Pending
https://e-mart.com.bd/shop/purito-seoul-purito-daily-soft-touch-sunscreen-60ml,2026-04-23,Pending
https://e-mart.com.bd/shop/haruharu-wonder-black-rice-serum-30ml,2026-04-23,Pending
https://e-mart.com.bd/shop/benton-pha-peeling-toner-150ml,2026-04-23,Pending
https://e-mart.com.bd/product/aromatica-rosemary-scalp-scrub-165g/,2026-04-23,Pending
https://e-mart.com.bd/shop/dear-klairs-freshly-juiced-vitamin-e-mask-15ml,2026-04-23,Pending
https://e-mart.com.bd/shop/m-a-c-studio-fix-fluid-spf-15-foundation-nc-30-30ml,2026-04-23,Pending
https://e-mart.com.bd/shop/axis-y-vita-glow-lip-oil-chilled-berry,2026-04-23,Pending
https://e-mart.com.bd/shop/m-a-c-amplified-lipstick-fusion-pink-3gm,2026-04-23,Pending
https://e-mart.com.bd/shop/skin1004-madagascar-centella-tea-trica-spot-cream-20ml,2026-04-23,Pending
https://e-mart.com.bd/shop/marymay-sensitive-soothing-gel-cream-70g,2026-04-23,Pending
https://e-mart.com.bd/shop/ryo-damage-care-nourishing-selection-shampoo-400-ml,2026-04-23,Pending
https://e-mart.com.bd/shop/missha-airy-fit-sheet-mask-shea-butter,2026-04-23,Pending
https://e-mart.com.bd/shop/beauty-glazed-matte-lipstick-112-red-wine-8g,2026-04-22,Pending
https://e-mart.com.bd/shop/absolute-new-york-click-cover-concealer-mfcc14-cc-green,2026-04-22,Pending
https://e-mart.com.bd/shop/bath-and-body-works-cherry-blossom-body-wash-295ml,2026-04-22,Pending
https://e-mart.com.bd/shop/numbuzin-no-2-deep-clean-fresh-cream-cleanser-120ml,2026-04-22,Pending
https://e-mart.com.bd/shop/banila-co-clean-it-zero-cleansing-balm-nourishing-100ml-2,2026-04-21,Pending
https://e-mart.com.bd/shop/thank-you-farmer-rice-pure-clay-mask-to-foam-cleanser-150ml-2,2026-04-21,Pending
https://e-mart.com.bd/shop/etude-pore-cleansing-foam-baking-powder-160-g,2026-04-21,Pending
https://e-mart.com.bd/shop/arencia-holy-hyssop-serum-30-50g,2026-04-21,Pending
https://e-mart.com.bd/shop/tocobo-glass-tinted-lip-balm-011-flush-cherry-3-5g,2026-04-21,Pending
https://e-mart.com.bd/shop/missha-damaged-hair-therapy-shampoo-400ml,2026-04-21,Pending
https://e-mart.com.bd/shop/bellflower-camu-camu-blemish-care-serum-50ml,2026-04-21,Pending
https://e-mart.com.bd/shop/etude-soon-jung-whip-cleanser-150ml,2026-04-21,Pending
https://e-mart.com.bd/shop/marymay-premium-idebenon-blackberry-complex-essence-mask-20ea,2026-04-21,Pending
https://e-mart.com.bd/shop/dot-and-key-watermelon-cooling-underarm-roll-on-50ml,2026-04-21,Pending
https://e-mart.com.bd/shop/maybelline-super-stay-matte-ink-liquid-lipstick-340-exhilarator-5ml,2026-04-21,Pending
https://e-mart.com.bd/shop/cos-de-baha-a-arbutin-5-licorice-al-serum-30ml,2026-04-21,Pending
https://e-mart.com.bd/shop/swiss-beauty-matte-cat-lip-crayon-01,2026-04-21,Pending
https://e-mart.com.bd/shop/imagic-48-colors-eyeshadow-palette,2026-04-21,Pending
https://e-mart.com.bd/product/dr-ceuracle-vegan-kombucha-tea-lip-balm-3-7g/,2026-04-21,Pending
https://e-mart.com.bd/shop/anua-airy-sun-cream-50ml,2026-04-21,Pending
https://e-mart.com.bd/shop/cos-de-baha-hyaluronic-acid-b5-serum-hp-30ml,2026-04-21,Pending
https://e-mart.com.bd/shop/anua-heartleaf-quercetinol-pore-deep-cleansing-foam-150ml,2026-04-21,Pending
https://e-mart.com.bd/_next/static/media/13971731025ec697-s.p.woff2,2026-04-20,Pending
https://e-mart.com.bd/_next/static/media/558ca1a6aa3cb55e-s.p.woff2,2026-04-20,Pending
https://e-mart.com.bd/_next/static/media/eaead17c7dbfcd5d-s.p.woff2,2026-04-20,Pending
https://e-mart.com.bd/shop/the-derma-co-0-3-retinol-face-serum-for-spotless-skin-30ml,2026-04-20,Pending
https://e-mart.com.bd/product/stives-even-bright-pink-lemon-orange-scrub-150ml/,2026-04-20,Pending
https://e-mart.com.bd/product/haruharu-wonder-centella-4-txa-dark-spot-go-away-serum-30ml/,2026-04-20,Pending
https://e-mart.com.bd/shop/im-from-fig-scrub-mask-30g,2026-04-20,Pending
https://e-mart.com.bd/product/ksecret-seoul-1988-cleansing-oil-pine-cica-1-probiotics-200-ml/,2026-04-20,Pending
https://e-mart.com.bd/product/some-by-mi-snail-truecica-miracle-repair-cream-60g/?add-to-cart=52034,2026-04-20,Pending
https://e-mart.com.bd/shop/dabo-waterful-aqua-cream-24hr-120-ml,2026-04-20,Pending
https://e-mart.com.bd/shop/thank-you-farmer-safe-sun-fluid-age-0880-spf50-pa-2,2026-04-20,Pending
https://e-mart.com.bd/shop/t-park-lemon-honey-face-wash-100ml,2026-04-20,Pending
https://e-mart.com.bd/shop/innisfree-my-real-squeeze-mask-tomato-20ml,2026-04-20,Pending
https://e-mart.com.bd/shop/the-ordinary-100-organic-cold-pressed-rose-hip-seed-oil-30ml,2026-04-20,Pending
https://e-mart.com.bd/product/raip-r3-argan-hair-oil-100-ml-white-soap/,2026-04-20,Pending
https://e-mart.com.bd/shop/im-from-rice-toner-150ml,2026-04-19,Pending
https://e-mart.com.bd/shop/the-body-shop-tea-tree-iconic-oil-collections-3-peice-3x-10ml,2026-04-19,Pending
https://e-mart.com.bd/product/the-ordinary-glycolic-acid-7-toning-solution-240ml/,2026-04-19,Pending
https://e-mart.com.bd/shop/cosrx-ultimate-nourishing-rice-overnight-mask-60ml,2026-04-19,Pending
https://e-mart.com.bd/product/mary-may-lemon-niacinamide-glow-wash-off-pack-125g/?add-to-cart=4138,2026-04-19,Pending
https://e-mart.com.bd/shop/neutrogena-t-gel-extra-strength-therapeutic-shampoo-177ml,2026-04-19,Pending
https://e-mart.com.bd/product/dr-althea-natural-radiance-essence-30ml/?add-to-cart=2607,2026-04-19,Pending
https://e-mart.com.bd/product/dr-althea-0-1-gentle-retinol-serum-30ml/,2026-04-19,Pending
https://e-mart.com.bd/product/haruharu-wonder-black-rice-hyaluronic-toner-150ml/,2026-04-18,Pending
https://e-mart.com.bd/shop/the-body-shop-drops-of-light-brightening-serum-30ml,2026-04-18,Pending
https://e-mart.com.bd/product/dabo-phyto-cica-b5-o2-deep-cleanser-200-ml/,2026-04-18,Pending
https://e-mart.com.bd/shop/cosrx-peptide-132-ultra-perfect-hair-bonding-treatment-120ml,2026-04-18,Pending
https://e-mart.com.bd/shop/cosrx-the-hyaluronic-acid-3-serum-20ml,2026-04-18,Pending
https://e-mart.com.bd/shop/jigott-whitening-activated-cream,2026-04-18,Pending
https://e-mart.com.bd/product/aveeno-baby-soothing-hydration-creamy-oil-141ge/,2026-04-15,Pending
https://e-mart.com.bd/product/missha-m-perfect-cover-bb-cream-spf42-pa-20ml-no-21/,2026-04-15,Pending
https://e-mart.com.bd/product/pinkflash-lasting-matte-foundation-pf-f03-warm-beige-03-25g/,2026-04-15,Pending
https://e-mart.com.bd/product/innisfree-retinol-cica-repair-ampoule-7ml-mini/,2026-04-15,Pending
https://e-mart.com.bd/origins?country=france,2026-04-15,Pending
https://e-mart.com.bd/origins?country=india,2026-04-15,Pending
https://e-mart.com.bd/origins?country=korea,2026-04-15,Pending
https://e-mart.com.bd/origins?country=japan,2026-04-15,Pending
https://e-mart.com.bd/origins?country=usa,2026-04-15,Pending
https://e-mart.com.bd/?add-to-cart=4147,2026-04-14,Pending
https://e-mart.com.bd/product/neutrogena-clear-soothe-micellar-jelly-makeup-remover-200ml/,2026-04-14,Pending
https://e-mart.com.bd/product/cosrx-hyaluronic-acid-hydra-power-essence-100ml/,2026-04-14,Pending
https://e-mart.com.bd/product/stives-avocado-and-honey-soft-skin-scrub-170ge/,2026-04-14,Pending
https://e-mart.com.bd/product/blab-matcha-airyfit-sun-stick-spf50-pa-15g/,2026-04-14,Pending
https://e-mart.com.bd/product/beauty-of-joseon-sunscreen-rice-probiotics-spf-50-10ml/,2026-04-14,Pending
https://e-mart.com.bd/product/palmers-cocoa-butter-with-vitamin-e-moisturizer-200ge/,2026-04-14,Pending
https://e-mart.com.bd/product/dabo-glow-tok-collagen-tone-up-sun-serum-spf-50-30-ml/,2026-04-14,Pending
https://e-mart.com.bd/product/skinfood-rice-daily-brightening-cleansing-foam/,2026-04-14,Pending
https://e-mart.com.bd/product/palmers-anti-dark-spot-fade-cream-night/,2026-04-14,Pending
https://e-mart.com.bd/product/cerave-renewing-sa-cleanser-237ml/,2026-04-14,Pending
https://e-mart.com.bd/product/some-by-mi-red-teatree-cicassoside-final-solution-toner-150ml/,2026-04-14,Pending
https://e-mart.com.bd/product/freeman-beauty-feeling-beautiful-hydrating-gel-cream-175ml/,2026-04-14,Pending
https://e-mart.com.bd/product/torriden-dive-in-low-molecule-hyaluronic-acid-soothing-cream-100ml/,2026-04-14,Pending
https://e-mart.com.bd/product/rovectin-anti-irritant-barrier-repair-ultra-cream-100ml/,2026-04-13,Pending
https://e-mart.com.bd/product/cosrx-all-about-snail-trial-kit/,2026-04-13,Pending
https://e-mart.com.bd/product/freeman-feeling-beautiful-sugar-body-scrub-175ml/,2026-04-13,Pending
https://e-mart.com.bd/product/skin1004-madagascar-centella-retinol-0-2-boosting-shot-ampoule-30ml/,2026-04-13,Pending
https://e-mart.com.bd/product/welcos-body-phren-apple-cocktail-shower-gel-732g/,2026-04-13,Pending
https://e-mart.com.bd/product/some-by-mi-bye-bye-blemish-vita-tox-brightening-bubble/,2026-04-13,Pending
https://e-mart.com.bd/product/skin1004-madagascar-centella-travel-kit-5-items/,2026-04-13,Pending
https://e-mart.com.bd/product/sunsilk-hair-fall-solution-shampoo-160ml/,2026-04-13,Pending
https://e-mart.com.bd/product-tag/snail/,2026-04-13,Pending
https://e-mart.com.bd/product/aplb-glutathione-niacinamide-beauty-tablet-30-pcs/,2026-04-13,Pending
https://e-mart.com.bd/product/neogen-real-cica-micellar-cleansing-foam/,2026-04-13,Pending
https://e-mart.com.bd/product/moev-annurcatin-treatment-200g/,2026-04-13,Pending
https://e-mart.com.bd/product/cosrx-acne-pimple-master-patch/,2026-04-13,Pending
https://e-mart.com.bd/product/heimish-dalism-liquid-lip-gloss-4g-03-nudie-rose/,2026-04-12,Pending
https://e-mart.com.bd/product/skin1004-madagascar-centella-hyalu-cica-silky-fit-sun-stick-7g/,2026-04-12,Pending
https://e-mart.com.bd/product/lebelage-collagen-no-sebum-foundation-spf-50-pa-100-ml-23/,2026-04-12,Pending
https://e-mart.com.bd/product/anua-pdrn-hyaluronic-acid-capsule-100-serum-30-ml/,2026-04-12,Pending
https://e-mart.com.bd/product/some-by-mi-aha-bha-pha-30-days-cleansing-bar/,2026-04-12,Pending
https://e-mart.com.bd/product/coxir-green-tea-ph-clear-foam-cleanser-150ml/,2026-04-12,Pending
https://e-mart.com.bd/product/naturie-hatomugi-skin-conditioning-gel-180g/,2026-04-12,Pending
https://e-mart.com.bd/product/maybelline-fit-me-matte-liquid-foundation-spf22-classic-ivory-120-30ml/,2026-04-12,Pending
https://e-mart.com.bd/product/palmers-cocoa-butter-formula-scar-serum-30ml/,2026-04-12,Pending
https://e-mart.com.bd/product/aztec-secret-indian-healing-clay/,2026-04-12,Pending
https://e-mart.com.bd/product/tiam-anti-blemish-body-lotion-200ml-2/,2026-04-12,Pending
https://e-mart.com.bd/product/some-by-mi-propolis-b5-glow-barrier-calming-serum-50-ml/,2026-04-12,Pending
https://e-mart.com.bd/product/clean-clear-cleanser-buy-1-get-1-free/,2026-04-12,Pending
https://e-mart.com.bd/product/axis-y-cera-heart-my-type-duo-cream-60ml/,2026-04-12,Pending
https://e-mart.com.bd/product/jumiso-rich-nourishment-sheet-mask-26ml-2/,2026-04-12,Pending
https://e-mart.com.bd/product/nacific-glow-intensive-bubble-toner-145-ml/,2026-04-12,Pending
https://e-mart.com.bd/product/marymay-idebenone-blackberry-complex-intensive-total-care-cream-70g/,2026-04-12,Pending
https://e-mart.com.bd/product/the-body-shop-lightening-shade-adjusting-drops-15ml/,2026-04-12,Pending
https://e-mart.com.bd/product/makeup-revolution-10-niacinamide-and-1-zinc-blemish-pore-serum/?add-to-cart=27117,2026-04-12,Pending
https://e-mart.com.bd/product/some-by-mi-super-miracle-14-days-spot-all-kill-cream-30g/?add-to-cart=4486,2026-04-12,Pending
https://e-mart.com.bd/product/mise-en-scene-perfect-serum-3-min-hair-mask-300-ml/,2026-04-12,Pending
https://e-mart.com.bd/product/neutrogena-clear-and-soothe-oil-free-gel-moisturizer-75ml/,2026-04-12,Pending
https://e-mart.com.bd/product/banila-co-clean-it-zero-cleansing-balm-purifying-100ml/,2026-04-12,Pending
https://e-mart.com.bd/product-tag/nacific/,2026-04-11,Pending
https://e-mart.com.bd/product-tag/cos-de-baha/,2026-04-11,Pending
https://e-mart.com.bd/product/the-body-shop-born-lippy-pot-lip-balm-watermelon/,2026-04-11,Pending
https://e-mart.com.bd/product/coxir-black-snail-collagen-eye-cream-30ml/,2026-04-11,Pending
https://e-mart.com.bd/product/skin1004-madagascar-centella-hyalu-cica-blue-serum-30ml/,2026-04-11,Pending
https://e-mart.com.bd/product/biore-biore-baking-soda-cleansing-micellar-water-300ml/,2026-04-11,Pending
https://e-mart.com.bd/product/tocobo-glow-ritual-lip-balm-001-coral-water-3-5g/,2026-04-11,Pending
https://e-mart.com.bd/product/tiam-ac-fighting-aha-bha-pha-toner-180ml/,2026-04-11,Pending
https://e-mart.com.bd/product/skin1004-madagascar-centella-probio-cica-enrich-cream-15ml/,2026-04-11,Pending
https://e-mart.com.bd/product/axis-y-sunday-morning-refreshing-cleansing-foam-120ml/,2026-04-11,Pending
https://e-mart.com.bd/product/kundal-honey-macadamia-shampoo-cherry-blossom-500-ml/,2026-04-11,Pending
https://e-mart.com.bd/product/beauty-of-joseon-centella-asiatica-calming-mask-1pcs/,2026-04-11,Pending
https://e-mart.com.bd/product/arencia-black-tea-yuzu-cleanser-120g/,2026-04-11,Pending
https://e-mart.com.bd/product/cosrx-aloe-soothing-spf50-pa-sun-cream-50ml/,2026-04-10,Pending
https://e-mart.com.bd/product/medicube-txa-niacinamide-15-serum-30ml/,2026-04-09,Pending
https://e-mart.com.bd/product/some-by-mi-super-matcha-pore-tightening-toner-150ml/,2026-04-09,Pending
https://e-mart.com.bd/product/clean-clear-morning-energy-daily-facial-scrub-150ml/,2026-04-09,Pending
https://e-mart.com.bd/product/the-body-shop-grapeseed-glossing-hair-serum-60ml/,2026-04-09,Pending
https://e-mart.com.bd/product/neutrogena-clear-defend-facial-wash-200ml/,2026-04-09,Pending
https://e-mart.com.bd/product/veet-hair-removal-cream-silk-for-sensitive-skin-100ge/,2026-04-09,Pending
https://e-mart.com.bd/product-brand/dear-klairs/?product_brand=rire,2026-04-09,Pending
https://e-mart.com.bd/product/nivea-hyaluron-cellular-filler-elasticity-reshape-anti-age-50ml/,2026-04-09,Pending
https://e-mart.com.bd/product/buy-cos-de-baha-acne-clearing-serum-acne-treatment-30ml-2/,2026-04-09,Pending
https://e-mart.com.bd/product/dabo-tea-tree-nature-collection-foam-cleansing-150ml/,2026-04-09,Pending
https://e-mart.com.bd/product/some-by-mi-beta-panthenol-repair-cream-50ml/,2026-04-09,Pending
https://e-mart.com.bd/product/cosrx-cica-7-relief-kit-3-step-2/,2026-04-09,Pending
https://e-mart.com.bd/product/medicube-zero-pore-pads-2-0-70-pads/,2026-04-09,Pending
https://e-mart.com.bd/product/the-inkey-list-polyglutamic-acid-30-ml/,2026-04-09,Pending
https://e-mart.com.bd/product/round-lab-birch-juice-moisturizing-tone-up-sunscreen-spf50-50ml/,2026-04-08,Pending
https://e-mart.com.bd/product/beauty-of-joseon-radiance-cleansing-balm-100ml/?add-to-cart=2627,2026-04-08,Pending
https://e-mart.com.bd/product/marymay-cica-teatree-soothing-wash-off-pack-125g/,2026-04-08,Pending
https://e-mart.com.bd/product/kaine-green-fit-pro-sun-50-pa-55ml/,2026-04-08,Pending
https://e-mart.com.bd/product/nivea-micellar-water-waterproof-125ml/,2026-04-08,Pending
https://e-mart.com.bd/product/numbuzin-no-4-collagen-73-pudding-serum-50ml/,2026-04-08,Pending
https://e-mart.com.bd/product-tag/technic-stiletto-24-false-nails-with-glue-gloss-red/,2026-04-08,Pending
https://e-mart.com.bd/product/cos-de-baha-snail-mucin-hyaluronic-acid-serum-sh-120ml-2/,2026-04-08,Pending
https://e-mart.com.bd/product/kodomo-baby-bath-100ml/,2026-04-08,Pending
https://e-mart.com.bd/product/nivea-uv-super-water-gel-sunscreen-spf50-pa-140gm/feed/,2026-04-08,Pending
https://e-mart.com.bd/product/kosmedica-organic-clean-gel-intimate-wash-80gm-2/,2026-04-08,Pending
https://e-mart.com.bd/product/3w-clinic-honey-eye-cream-40ml/,2026-04-08,Pending
https://e-mart.com.bd/product/maybelline-baby-skin-instant-pore-eraser-uk/,2026-04-08,Pending
https://e-mart.com.bd/product/ksecret-seoul-1988-essence-snail-mucin-97-rice-100ml/,2026-04-08,Pending
https://e-mart.com.bd/product/some-by-mi-yuja-niacin-30-days-brightening-toner/,2026-04-08,Pending
https://e-mart.com.bd/product/some-by-mi-propolis-b5-glow-barrier-calming-toner-150-ml/,2026-04-08,Pending
https://e-mart.com.bd/product/dabo-glow-tok-hyaluron-8-dive-sun-serum-spf-50-pa-30-ml/,2026-04-07,Pending
https://e-mart.com.bd/product/nature-republic-soothing-moisture-aloe-vera-92-soothing-gel-2/,2026-04-07,Pending
https://e-mart.com.bd/product/stives-acne-control-oil-free-apricot-scrub-170ge/,2026-04-07,Pending
https://e-mart.com.bd/product/beauty-formulas-vitamin-e-hair-removal-wax-strips-for-legs-body-20pc/,2026-04-07,Pending
https://e-mart.com.bd/product/syoss-algae-root-strengthening-shampoo-680-ml/,2026-04-07,Pending
https://e-mart.com.bd/product-tag/maybelline-new-york-dream-brightening-creamy-concealer-light-20-3gm/,2026-04-07,Pending
https://e-mart.com.bd/product/maybelline-color-elixir-lip-gloss-radiant-ruby/,2026-04-07,Pending
https://e-mart.com.bd/product/mamonde-flora-glow-rose-water-toner-50-ml/,2026-04-07,Pending
https://e-mart.com.bd/product/neutrogena-ultra-sheer-dry-touch-sunblock-spf-50-88ml/,2026-04-07,Pending
https://e-mart.com.bd/product/3w-clinic-vitamin-c-foam-cleansing-100-ml/,2026-04-07,Pending
https://e-mart.com.bd/product/3w-clinic-olive-argan-2in1-shampoo-500ml/,2026-04-07,Pending
https://e-mart.com.bd/product/neogen-cica-repair-snail-essence-100ml/,2026-04-07,Pending
https://e-mart.com.bd/product/cos-de-baha-aha-serum-60ml-n60-2/,2026-04-07,Pending
https://e-mart.com.bd/product/eqqualberry-swimming-pool-daily-facial-toner-300ml/,2026-04-07,Pending
https://e-mart.com.bd/product/technic-squareletto-24-false-nails-with-glue-rose-gold-glitter/,2026-04-07,Pending
https://e-mart.com.bd/product/clean-clear-deep-action-cream-wash-150ml/,2026-04-07,Pending
https://e-mart.com.bd/product-tag/alcohol-free/?add-to-cart=2593,2026-04-07,Pending
https://e-mart.com.bd/product/skin1004-madagascar-centella-soothing-cream-30ml/,2026-04-07,Pending
https://e-mart.com.bd/product/the-body-shop-tea-tree-oil-20ml/,2026-04-07,Pending
https://e-mart.com.bd/product/the-body-shop-drops-of-light-brightening-serum-30ml/,2026-04-07,Pending
https://e-mart.com.bd/product-tag/eucerin-calming-daily-moisturizer-creme-226ge/?per_row=4&per_page=36&shop_view=grid&filter_brand=eucerin,2026-04-06,Pending
https://e-mart.com.bd/product/isntree-hyper-retinol-ex-1-0-serum-20ml/,2026-04-06,Pending
https://e-mart.com.bd/product/clean-clear-morning-energy-daily-facial-scrub-150ml/?add-to-cart=2607,2026-04-06,Pending
https://e-mart.com.bd/product-tag/technic-stiletto-24-false-nails-with-glue-gloss-red/?per_page=9,2026-04-06,Pending
https://e-mart.com.bd/product-tag/snail/?add-to-cart=26273,2026-04-06,Pending
https://e-mart.com.bd/product/maybelline-master-smoky-scorching-brown-0-5gm/?add-to-cart=59072,2026-04-06,Pending
https://e-mart.com.bd/product/skin1004-madagascar-centella-probio-cica-intensive-ampoule-30ml/,2026-04-06,Pending
https://e-mart.com.bd/product/axis-y-new-skin-resolution-gel-mask-100ml/,2026-04-06,Pending
https://e-mart.com.bd/product/purito-dermide-cica-barrier-sleeping-pack-80ml/,2026-04-06,Pending
https://e-mart.com.bd/product/boom-de-ah-dah-hemp-seed-calming-ampoule-50ml/,2026-04-06,Pending
https://e-mart.com.bd/product/mi-some-by-mi-yuja-niacin-brightening-moisture-gel-cream-100ml/,2026-04-06,Pending
https://e-mart.com.bd/product/maybelline-fit-me-dewysmooth-foundation-ivory-115/,2026-04-06,Pending
https://e-mart.com.bd/product-tag/missha/,2026-04-06,Pending
https://e-mart.com.bd/product/cosrx-low-ph-good-morning-gel-cleanser-150ml/,2026-04-06,Pending
https://e-mart.com.bd/product/the-body-shop-shimmer-waves-bronze/,2026-04-06,Pending
https://e-mart.com.bd/product/cos-de-baha-hyaluronic-acid-serum-h-30ml/,2026-04-06,Pending
https://e-mart.com.bd/product/cos-de-baha-niacinamide-20-zinc-4-serum-nz-30ml/,2026-04-06,Pending
https://e-mart.com.bd/product/cerave-hydrating-cream-to-foam-cleanser-normal-to-dry-skin-473ml/,2026-04-06,Pending
https://e-mart.com.bd/my-orders/,2026-04-06,Pending
https://e-mart.com.bd/product/medicube-pdrn-pink-peptide-serum-30ml/,2026-04-06,Pending
https://e-mart.com.bd/product/isntree-real-mugwort-clay-mask-100ml/,2026-04-06,Pending
https://e-mart.com.bd/product/mamaearth-vitamin-c-daily-glow-face-wash-100ml/feed/,2026-04-05,Pending
https://e-mart.com.bd/category/uncategorized/,2026-04-05,Pending
https://e-mart.com.bd/product/3w-clinic-brown-rice-cleansing-foam-100-ml/,2026-04-05,Pending
https://e-mart.com.bd/product/skinfood-tomato-jelly-tint-lip-4-milk-tomato/,2026-04-05,Pending
https://e-mart.com.bd/product/aplb-collagen-egf-peptide-e-beauty-tablet/,2026-04-05,Pending
https://e-mart.com.bd/product/3w-clinic-honey-gold-beauty-soap-120g/,2026-04-05,Pending
https://e-mart.com.bd/product/maybelline-color-elixir-lip-gloss-opalescent-orchid/,2026-04-05,Pending
https://e-mart.com.bd/product/cosrx-hydrium-watery-toner-150ml/,2026-04-05,Pending
https://e-mart.com.bd/product/marymay-blackberry-complex-glow-washoff-pack-125g/,2026-04-05,Pending
https://e-mart.com.bd/category/skincare/korean-skincare-routine/10-step-routine/,2026-04-05,Pending
https://e-mart.com.bd/product/purito-wonder-releaf-centella-serum-unscented-60ml/,2026-04-05,Pending
https://e-mart.com.bd/?add-to-cart=3016,2026-04-05,Pending
https://e-mart.com.bd/brand/nivea/,2026-04-05,Pending
https://e-mart.com.bd/product/ruthair-volume-ceraleaf-barrier-clinic-shampoo-295ml/,2026-04-05,Pending
https://e-mart.com.bd/tag/healthy-skin/,2026-04-05,Pending
https://e-mart.com.bd/product/hair-removal-spray-with-baby-oil-lemon-fragrance-200ml/,2026-04-05,Pending
https://e-mart.com.bd/product/numbuzin-no-2-cica-ceramide-repair-cream-60ml/,2026-04-05,Pending
https://e-mart.com.bd/product/etude-soon-jung-2x-barrier-intensive-cream-60ml/,2026-04-05,Pending
https://e-mart.com.bd/product/cosrx-oil-free-ultra-moisturizing-lotion-with-birch-sap-100ml/,2026-04-04,Pending
https://e-mart.com.bd/product-tag/snail/?filter_brand=mary-may,2026-04-04,Pending
https://e-mart.com.bd/product/neutrogena-oil-balancing-facial-wash-200ml/,2026-04-04,Pending
https://e-mart.com.bd/product/mamy-poko-pants-xxxl-7-pcs-18-35kg-in/?add-to-cart=35882,2026-04-04,Pending
https://e-mart.com.bd/product/the-body-shop-aloe-calming-foaming-wash-150ml/,2026-04-04,Pending
https://e-mart.com.bd/product/missha-time-revolution-night-repair-ampoule-cream-5x-50ml/,2026-04-04,Pending
https://e-mart.com.bd/product/dr-forhair-phyto-fresh-scalp-scaler-200ml/,2026-04-04,Pending
https://e-mart.com.bd/product-tag/oil/,2026-04-04,Pending
https://e-mart.com.bd/product/3w-clinic-collagen-beauty-soap-120g/,2026-04-04,Pending
https://e-mart.com.bd/product-tag/simple-water-boost-hydrating-gel-cream-50ml/,2026-04-04,Pending
https://e-mart.com.bd/product/innisfree-green-tea-seed-eye-face-ball-10ml/,2026-04-04,Pending
https://e-mart.com.bd/product-tag/snail/?orderby=date&filter_brand=mary-may,2026-04-04,Pending
https://e-mart.com.bd/product/cos-de-baha-vitamin-c-15-serum-va-30ml/,2026-04-04,Pending
https://e-mart.com.bd/product/dove-baby-wipes-sensitive-moisture-50-pcs/,2026-04-04,Pending
https://e-mart.com.bd/product/maybelline-dream-liquid-mousse-foundation-pure-beige-70/,2026-04-04,Pending
https://e-mart.com.bd/product-tag/mizon/,2026-04-04,Pending
https://e-mart.com.bd/product/medicube-deep-vita-c-ampoule-2-0-30g/,2026-04-04,Pending
https://e-mart.com.bd/product-tag/iunik/,2026-04-04,Pending
https://e-mart.com.bd/product/some-by-mi-bye-bye-blemish-vita-tox-brightening-bubble-120g/,2026-04-04,Pending
https://e-mart.com.bd/product/loreal-paris-infallible-primer-anti-redness-02/,2026-04-04,Pending
https://e-mart.com.bd/product/nivea-soft-cream-moisturizer-200ml/,2026-04-04,Pending
https://e-mart.com.bd/product/buy-cerave-hydrating-cleanser-for-normal-to-dry-skin-237ml/,2026-04-04,Pending
https://e-mart.com.bd/product/nivea-moisturising-cream-for-face-hand-body-50ml/,2026-04-04,Pending
https://e-mart.com.bd/product/paxmoly-jeju-deep-sea-water-soothing-gel-300g/,2026-04-04,Pending
https://e-mart.com.bd/product/celimax-derma-nature-fresh-blackhead-jojoba-cleansing-oil-150ml/,2026-04-04,Pending
https://e-mart.com.bd/product/the-body-shop-vitamin-c-facial-cleansing-polish-125ml/,2026-04-04,Pending
https://e-mart.com.bd/product/innisfree-my-real-squeeze-mask-manuka-honey-20ml/,2026-04-04,Pending
https://e-mart.com.bd/product/xpel-tea-tree-foaming-face-wash-200ml/,2026-04-04,Pending
https://e-mart.com.bd/product/insight-4x-intense-kohl-kajal/,2026-04-04,Pending
https://e-mart.com.bd/product-tag/calming/,2026-04-04,Pending
https://e-mart.com.bd/product/paxmoly-jeju-deep-sea-water-soothing-gel-300g/feed/,2026-04-04,Pending
https://e-mart.com.bd/product-tag/anti-aging/?per_row=4&shop_view=grid&per_page=24&add-to-cart=51059,2026-04-04,Pending
https://e-mart.com.bd/product-tag/lip-tint/,2026-04-04,Pending
https://e-mart.com.bd/product/aromatica-rosemary-scalp-scaling-shampoo-180ml/feed/,2026-04-04,Pending
https://e-mart.com.bd/product-tag/argan/,2026-04-03,Pending
https://e-mart.com.bd/product/haruharu-wonder-black-rice-moisture-deep-cleansing-oil-150ml/,2026-04-03,Pending
https://e-mart.com.bd/product/cos-de-baha-aha-serum-30ml-n30/,2026-04-03,Pending
https://e-mart.com.bd/product/isntree-real-rose-calming-mask-100ml/,2026-04-03,Pending
https://e-mart.com.bd/product/benton-snail-bee-ultimate-serum-35-ml-2/,2026-04-03,Pending
https://e-mart.com.bd/product-tag/technic/?per_page=36,2026-04-03,Pending
https://e-mart.com.bd/product-tag/simple/,2026-04-03,Pending
https://e-mart.com.bd/product/isntree-hyaluronic-acid-toner-plus-200ml/,2026-04-03,Pending
https://e-mart.com.bd/product/skinfood-tomato-jelly-tint-lip-2-berry-tomato/,2026-04-03,Pending
https://e-mart.com.bd/product/benton-tea-tree-cleansing-water-200ml/,2026-04-03,Pending
https://e-mart.com.bd/product/neutrogena-deep-clean-invigorating-daily-scrub-150ml/,2026-04-03,Pending
https://e-mart.com.bd/product/paxmoly-99-deep-marine-collagen-soothing-gel-30g/,2026-04-03,Pending
https://e-mart.com.bd/product/botanics-all-bright-purifying-face-scrub-75ml/,2026-04-03,Pending
https://e-mart.com.bd/product/jumiso-have-a-good-cream-snail-centella/,2026-04-03,Pending
https://e-mart.com.bd/product/sadoer-real-red-apple-antioxidant-facial-mask-25g/,2026-04-03,Pending
https://e-mart.com.bd/product/skinfood-tea-tree-clearing-toner-150ml/,2026-04-03,Pending
https://e-mart.com.bd/product-tag/snail/?orderby=date&per_row=3&shop_view=grid&add-to-cart=58039,2026-04-03,Pending
https://e-mart.com.bd/product/maybelline-master-smoky-scorching-brown/,2026-04-03,Pending
https://e-mart.com.bd/product-tag/acne-pimple-master-patch/,2026-04-03,Pending
https://e-mart.com.bd/product/im-from-mugwort-gel-cleanser-150ml/,2026-04-03,Pending
https://e-mart.com.bd/product-tag/neutrogena-clear-and-soothe-oil-free-gel-moisturizer-75ml/,2026-04-03,Pending
https://e-mart.com.bd/product/3w-clinic-green-tea-foam-cleansing-100ml-3/,2026-04-03,Pending
https://e-mart.com.bd/product/jumiso-snail-mucin-95-peptide-essence-140ml/,2026-04-03,Pending
https://e-mart.com.bd/product/heimish-moringa-creamide-bb-cream-30g-23n-light-medium/,2026-04-03,Pending
https://e-mart.com.bd/product/sebamed-after-shave-balsam-100ml/,2026-04-03,Pending
https://e-mart.com.bd/product/beaute-melasma-x-24-gold-egf-repair-ampoule-30ml/,2026-04-03,Pending
https://e-mart.com.bd/product/clean-clear-morning-burst-facial-cleanser-240ml/,2026-04-03,Pending
https://e-mart.com.bd/product/some-by-mi-miracle-hair-body-starter-kit/,2026-04-03,Pending
https://e-mart.com.bd/product/3w-clinic-cleansing-foam-rose-water-100ml/,2026-04-03,Pending
https://e-mart.com.bd/product/innisfree-green-tea-sleeping-mask-80ml/,2026-04-03,Pending
https://e-mart.com.bd/product/nivea-pure-natural-soothing-day-cream-50ml/,2026-04-03,Pending
https://e-mart.com.bd/product/clean-clear-oil-free-micellar-water-with-aloe-extract-100ml/,2026-04-03,Pending
https://e-mart.com.bd/product/axis-y-spot-the-difference-blemish-treatment-15ml/feed/,2026-04-03,Pending
https://e-mart.com.bd/product/melasma-x-moringa-brightening-cool-soothing-gel-160ml-2/,2026-04-03,Pending
https://e-mart.com.bd/product-tag/hydrating-cleanser/?per_row=3&shop_view=grid&per_page=36&add-to-cart=26134,2026-04-03,Pending
https://e-mart.com.bd/product/im-from-fig-scrub-mask-120g/,2026-04-03,Pending
https://e-mart.com.bd/product-tag/natural-ingredients/?per_row=2&per_page=24&shop_view=grid&filter_brand=krave,2026-04-03,Pending
https://e-mart.com.bd/product-tag/snail/?orderby=date&per_row=2&per_page=9&shop_view=grid,2026-04-03,Pending
https://e-mart.com.bd/product/welcos-aloe-vera-moisture-real-foam-cleanser-150g/,2026-04-03,Pending
https://e-mart.com.bd/product/palmers-skin-success-anti-dark-spot-night-time-fade-cream-75ml/,2026-04-03,Pending
https://e-mart.com.bd/product-tag/nivea-soft-moisturizing-cream-300ml/,2026-04-03,Pending
https://e-mart.com.bd/product/isntree-hyaluronic-acid-watery-sun-gel-80ml/,2026-04-03,Pending
https://e-mart.com.bd/product/cosrx-the-vitamin-c-23-serum-20ml/,2026-04-03,Pending
https://e-mart.com.bd/product-tag/natural-ingredients/page/2/?per_row=2&shop_view=grid,2026-04-03,Pending
https://e-mart.com.bd/product-tag/cleanser/page/2/?add-to-cart=3187,2026-04-03,Pending
https://e-mart.com.bd/product/cerave-sa-smoothing-cream-with-salicylic-acid-340gm/,2026-04-03,Pending
https://e-mart.com.bd/product-tag/korean-cosmetics/,2026-04-03,Pending
https://e-mart.com.bd/product/loreal-infallible-pro-matte-100-porcelain/feed/,2026-04-03,Pending
https://e-mart.com.bd/product-category/body-care-products/fragrances/page/2/,2026-04-03,Pending
https://e-mart.com.bd/product/astral-cream-cocoa-butter-face-and-body-moisturiser-200ml/feed/,2026-04-03,Pending
https://e-mart.com.bd/product-tag/snail/?per_page=9&filter_brand=pyunkang-yul&shop_view=grid&per_row=2&add-to-cart=59381,2026-04-03,Pending
https://e-mart.com.bd/product/banila-co-clean-it-zero-cleansing-balm-original-180-ml/,2026-04-03,Pending
https://e-mart.com.bd/product/plu-365-foot-scrub-herb-mint-100-g/,2026-04-03,Pending
https://e-mart.com.bd/product/eqqualberry-bakuchiol-plumping-serum-30ml/,2026-04-03,Pending
https://e-mart.com.bd/product/missha-all-around-safe-block-aqua-sun-spf50-pa-50ml/,2026-04-03,Pending
https://e-mart.com.bd/category/skincare/,2026-04-03,Pending
https://e-mart.com.bd/product/nivea-cream-150ml/,2026-04-03,Pending
https://e-mart.com.bd/product/3w-clinic-black-pearl-eye-cream-40ml/,2026-04-03,Pending
https://e-mart.com.bd/product/numbuzin-no-2-protein-43-creamy-serum-50ml/,2026-04-03,Pending
https://e-mart.com.bd/product/athena-beauty-cosmetic-pads-120pcs/feed/,2026-04-03,Pending
https://e-mart.com.bd/product/3w-clinic-horse-oil-eye-cream-40ml/,2026-04-03,Pending
https://e-mart.com.bd/product/3w-clinic-white-claypearl-beauty-soap/,2026-04-03,Pending
https://e-mart.com.bd/product/simple-replenishing-rich-moisturiser-125ml/,2026-04-03,Pending
https://e-mart.com.bd/product/skinmiso-pore-purifying-toner-250-ml/,2026-04-03,Pending
https://e-mart.com.bd/wp-content/uploads/2024/06/eMart.apk,2026-04-03,Pending
https://e-mart.com.bd/product/simple-kind-to-skin-hydrating-light-moisturiser-125gm/,2026-04-03,Pending
https://e-mart.com.bd/product/round-lab-birch-juice-moisturizing-cleanser-150ml/,2026-04-03,Pending
https://e-mart.com.bd/product/innisfree-the-green-tea-seed-eye-cream-30ml/,2026-04-03,Pending
https://e-mart.com.bd/?wc-ajax=%25%25endpoint%25%25,2026-04-03,Pending
https://e-mart.com.bd/product/iunik-tea-tree-relief-toner-200ml/,2026-04-03,Pending
https://e-mart.com.bd/product/maybelline-instant-age-rewind-eraser-dark-circles-treatment-concealer-100-ivory/,2026-04-03,Pending
https://e-mart.com.bd/product-tag/snail/?orderby=date&per_page=24,2026-04-03,Pending
https://e-mart.com.bd/product/melano-cc-intensive-anti-spot-essence-vitamin-c-serum-20ml/,2026-04-03,Pending
https://e-mart.com.bd/product/cosrx-centella-blemish-cream-30gm/,2026-04-02,Pending
https://e-mart.com.bd/product-tag/salicylic/,2026-04-02,Pending
https://e-mart.com.bd/product/simple-kind-to-skin-soothing-facial-toner-200ml/,2026-04-02,Pending
https://e-mart.com.bd/product/maybelline-fit-me-dewysmooth-foundation-porcelain-110/,2026-04-02,Pending
https://e-mart.com.bd/product/cos-de-baha-m-a-peptide-cream-pc-45ml/,2026-04-02,Pending
https://e-mart.com.bd/product/mac-prepprime-highlighter-3-6ml/,2026-04-02,Pending
https://e-mart.com.bd/product/athena-beauty-cosmetic-pads-120pcs/,2026-04-02,Pending
https://e-mart.com.bd/product-tag/eco-friendly/?filter_brand=purito&shop_view=grid&per_row=3&add-to-cart=51010,2026-04-02,Pending
https://e-mart.com.bd/product-tag/acid/?per_page=36,2026-04-02,Pending
https://e-mart.com.bd/product-tag/hydrating-cleanser/?per_row=3&shop_view=grid&per_page=36&add-to-cart=52351,2026-04-02,Pending
https://e-mart.com.bd/product/neutrogena-oil-free-moisturiser-with-spf15-115ml/?add-to-cart=2969,2026-04-02,Pending
https://e-mart.com.bd/product-category/makeup-cosmetics/eyes/,2026-04-02,Pending
https://e-mart.com.bd/product/seba-med-clear-face-gentle-scrub-150ml/,2026-04-02,Pending
https://e-mart.com.bd/product/cerave-sa-smoothing-cream-anti-roughness-340ge/,2026-04-02,Pending
https://e-mart.com.bd/product/innisfree-my-real-squeeze-mask-aloe-20ml/,2026-04-02,Pending
https://e-mart.com.bd/product/nivea-for-men-creme-intensieve-50ml/,2026-04-02,Pending
https://e-mart.com.bd/product/mary-may-niacinamide-chaenomeles-sinensis-serum-30ml/,2026-04-02,Pending
https://e-mart.com.bd/product/etude-house-dear-darling-water-tint-01-strawberry-ade/?add-to-cart=63367,2026-04-02,Pending
https://e-mart.com.bd/product/skin1004-madagascar-centella-tea-trica-relief-ampoule-30ml/,2026-04-02,Pending
https://e-mart.com.bd/product-tag/bioderma-sebium-gel-moussant-cleansing-foaming-gel-200ml/,2026-04-02,Pending
https://e-mart.com.bd/product/cos-de-baha-alcohol-free-acne-treatment-intensive-facial-serum-ac-60ml/,2026-04-02,Pending
https://e-mart.com.bd/product-category/makeup-cosmetics/eye-shadow/,2026-04-02,Pending
https://e-mart.com.bd/product/cos-de-baha-m-a-peptide-serum-p-30ml/,2026-04-02,Pending
https://e-mart.com.bd/product-tag/snail/?per_page=36&add-to-cart=58045,2026-04-01,Pending
https://e-mart.com.bd/product-category/lip-care/page/2/,2026-04-01,Pending
https://e-mart.com.bd/product/cos-de-baha-snail-mucin-hyaluronic-acid-serum-sh-120ml/,2026-04-01,Pending
https://e-mart.com.bd/?action=yith-woocompare-add-product&id=24027&add-to-cart=40362,2026-04-01,Pending
https://e-mart.com.bd/product/eqqualberry-vitamin-illuminating-serum-30ml/,2026-04-01,Pending
https://e-mart.com.bd/product/neutrogena-blackhead-eliminating-cleansing-toner-200ml/,2026-04-01,Pending
https://e-mart.com.bd/product-tag/neutrogena-ultra-sheer-dry-touch-sunscreen-spf55/?shop_view=grid&per_row=3,2026-04-01,Pending
https://e-mart.com.bd/product-tag/hydrating-cleanser/?shop_view=grid&per_row=3,2026-04-01,Pending
https://e-mart.com.bd/product/nivea-men-active-energy-morning-fix-gel-50ml/,2026-04-01,Pending
https://e-mart.com.bd/product-tag/eco-friendly/?filter_brand=purito&shop_view=grid&per_row=4&add-to-cart=51010,2026-04-01,Pending
https://e-mart.com.bd/product/aplb-tranexamic-acid-niacinamide-ampoule-serum-40ml/,2026-04-01,Pending
https://e-mart.com.bd/product/athena-beaute-100-cotton-wool-cosmetic-pads-80pcs/,2026-04-01,Pending
https://e-mart.com.bd/product/jigott-natural-aloe-vera-moisture-soothing-gel/,2026-04-01,Pending
https://e-mart.com.bd/product/some-by-mi-aha-bha-pha-30-days-miracle-cleansing-bar/,2026-04-01,Pending
https://e-mart.com.bd/product/innisfree-my-real-squeeze-mask-ginseng-20ml/,2026-04-01,Pending
https://e-mart.com.bd/product/skin1004-madagascar-centella-poremizing-clear-toner-210ml/,2026-04-01,Pending
https://e-mart.com.bd/product/skin1004-madagascar-centella-air-fit-suncream-light-spf30-pa-50ml/,2026-04-01,Pending
https://e-mart.com.bd/product/dabo-slimming-hot-gel-anti-cellulite-slim-body-massage-cream-200g-2/,2026-04-01,Pending
https://e-mart.com.bd/product/heimish-matcha-mini-kit/,2026-04-01,Pending
https://e-mart.com.bd/product-tag/natural-ingredients/?per_row=3&shop_view=grid&per_page=9&add-to-cart=50999,2026-03-31,Pending
https://e-mart.com.bd/product/thank-you-farmer-rice-pure-2-in-1-gel-and-cream-80ml/,2026-03-31,Pending
https://e-mart.com.bd/product-tag/anti-aging/?per_page=24&add-to-cart=50886,2026-03-31,Pending
https://e-mart.com.bd/product/skin1004-madagascar-centella-tea-trica-purifying-toner-210ml/,2026-03-31,Pending
https://e-mart.com.bd/product/w-skin-laboratory-a-m-clearing-toner-anti-melasma-250ml/,2026-03-31,Pending
https://e-mart.com.bd/product/heimish-rx-retinol-bakuchiol-eye-cream-30ml/,2026-03-31,Pending
https://e-mart.com.bd/product/im-from-mugwort-sheet-mask-23ml/feed/,2026-03-31,Pending
https://e-mart.com.bd/product/mary-may-lemon-niacinamide-glow-wash-off-pack-125g/?add-to-cart=2593,2026-03-31,Pending
https://e-mart.com.bd/product-tag/phyto-niacin/?per_page=9,2026-03-31,Pending
https://e-mart.com.bd/product/rovectin-travel-kit-4-step-2/,2026-03-31,Pending
https://e-mart.com.bd/product-tag/beaute/,2026-03-31,Pending
https://e-mart.com.bd/product/missha-all-around-safe-block-waterproof-sun-milk-spf50-pa-70ml/,2026-03-31,Pending
https://e-mart.com.bd/product/clean-clear-blackhead-clearing-cleanser-200ml/,2026-03-30,Pending
https://e-mart.com.bd/product/cos-de-baha-salicylic-acid-bha-2-liquid-s2-120ml/,2026-03-30,Pending
https://e-mart.com.bd/?ref=aftership&add-to-cart=60192,2026-03-30,Pending
https://e-mart.com.bd/?ref=aftership&add-to-cart=62578,2026-03-30,Pending
https://e-mart.com.bd/?add_to_wishlist=1756&add-to-cart=75219,2026-03-30,Pending
https://e-mart.com.bd/?add_to_wishlist=1756&add-to-cart=36101,2026-03-30,Pending
https://e-mart.com.bd/product/skinfood-black-sugar-mask-wash-off-exfoliator-100g/,2026-03-30,Pending
https://e-mart.com.bd/product/skin1004-madagascar-centella-ampoule-100ml/,2026-03-30,Pending
https://e-mart.com.bd/product/some-by-mi-super-matcha-pore-care-starter-kit-4pcs-2/,2026-03-30,Pending
https://e-mart.com.bd/?add_to_wishlist=3287&add-to-cart=75127,2026-03-30,Pending
https://e-mart.com.bd/?add_to_wishlist=19149&add-to-cart=36201,2026-03-30,Pending
https://e-mart.com.bd/?add_to_wishlist=19149&add-to-cart=60938,2026-03-30,Pending
https://e-mart.com.bd/product/mac-air-of-style-edp-for-women-50ml/,2026-03-30,Pending
https://e-mart.com.bd/product/skin1004-madagascar-centella-probio-cica-intensive-ampoule-50ml/,2026-03-30,Pending
https://e-mart.com.bd/product/anua-heartleaf-77-clear-pad-70ea/,2026-03-30,Pending
https://e-mart.com.bd/product/the-body-shop-vitamin-e-gel-moisture-cream-50ml/,2026-03-30,Pending
https://e-mart.com.bd/product/the-body-shop-aloe-calming-toner-250ml/?add-to-cart=36610,2026-03-30,Pending
https://e-mart.com.bd/product/tiam-ac-fighting-oil-free-aqua-cream-80ml/,2026-03-30,Pending
https://e-mart.com.bd/product/3w-clinic-crystal-white-milky-lotion150g/,2026-03-29,Pending
https://e-mart.com.bd/product/carenel-anti-melasma-cica-cream-40ml/,2026-03-29,Pending
https://e-mart.com.bd/product/cosrx-all-about-snail-trial-kit-4pcs-kit/,2026-03-29,Pending
https://e-mart.com.bd/tag/sana-nameraka-honpo/,2026-03-29,Pending
https://e-mart.com.bd/product-tag/axis-y-complete-no-stress-physical-sunscreen-50ml/,2026-03-29,Pending
https://e-mart.com.bd/product/haruharu-wonder-black-rice-facial-oil-30ml/,2026-03-29,Pending
https://e-mart.com.bd/product/cerave-am-facial-moisturizing-lotion-with-sunscreen-89ml/,2026-03-29,Pending
https://e-mart.com.bd/product/neutrogena-ultra-sheer-dry-touch-sunscreen-spf-55-88ml/,2026-03-29,Pending
https://e-mart.com.bd/product/maybelline-instant-age-rewind-eraser-dark-circles-treatment-concealer-110-fair/,2026-03-29,Pending
https://e-mart.com.bd/product-category/hair-care/hair-repair-treatments/?filter_brand=garnier,2026-03-29,Pending
https://e-mart.com.bd/product/cos-de-baha-retinol-2-5-serum-rs-30ml/,2026-03-29,Pending
https://e-mart.com.bd/product/skin1004-madagascar-centella-soothing-cream-75ml/,2026-03-29,Pending
https://e-mart.com.bd/product/beauty-formulas-argan-oil-wax-strips-hair-remover-legs-body-20pc/,2026-03-29,Pending
https://e-mart.com.bd/product/simple-triple-protection-moisturiser-spf30-40ml/,2026-03-29,Pending
https://e-mart.com.bd/product/paxmoly-aloe-vera-whitening-soap/,2026-03-29,Pending
https://e-mart.com.bd/?add_to_wishlist=19149&add-to-cart=75241,2026-03-29,Pending
https://e-mart.com.bd/product/mamy-poko-pants-xxxl-24-pcs-18-35kg/,2026-03-29,Pending
https://e-mart.com.bd/product/sunsilk-black-shine-shampoo-160ml/feed/,2026-03-29,Pending
https://e-mart.com.bd/term-conditions/,2026-03-29,Pending
https://e-mart.com.bd/product/isntree-hyaluronic-acid-airy-sun-stick-spf-50-pa-0-77-oz/,2026-03-29,Pending
https://e-mart.com.bd/product/some-by-mi-pure-vitamin-c-v10-cleansing-soap-100g/,2026-03-28,Pending
https://e-mart.com.bd/product/palmers-cocoa-butter-formula-massage-cream-125ge/,2026-03-28,Pending
https://e-mart.com.bd/product/neutrogena-refreshingly-clear-daily-exfoliator-150ml/,2026-03-28,Pending
https://e-mart.com.bd/product/melasma-x-glutathione-water-drop-skin-toner-260ml-2/,2026-03-28,Pending
https://e-mart.com.bd/product-tag/tiam/?orderby=price&per_row=2&per_page=9&shop_view=grid,2026-03-28,Pending
https://e-mart.com.bd/product/axis-y-mugwort-pore-clarifying-wash-off-pack-100ml/,2026-03-28,Pending
https://e-mart.com.bd/product-brand/apieu/?orderby=menu_order&product_brand=dear-klairs,2026-03-28,Pending
https://e-mart.com.bd/product-brand/apieu/?orderby=popularity&product_brand=skinmiso,2026-03-28,Pending
https://e-mart.com.bd/?add_to_wishlist=2168&add-to-cart=75508,2026-03-28,Pending
https://e-mart.com.bd/product/neutrogena-t-gel-therapeutic-shampoo/,2026-03-28,Pending
https://e-mart.com.bd/product/be-hope-luxury-vegan-pore-lifting-roller-cream-150ml/,2026-03-28,Pending
https://e-mart.com.bd/product/m-a-c-matte-lipstick-candy-yum-yum-3-0-gm/,2026-03-28,Pending
https://e-mart.com.bd/product-brand/apieu/?product_brand=mise-en-scene,2026-03-28,Pending
https://e-mart.com.bd/product-brand/apieu/?orderby=price-desc&product_brand=thank-you-farmer,2026-03-28,Pending
https://e-mart.com.bd/?add_to_wishlist=1756&add-to-cart=26620,2026-03-28,Pending
https://e-mart.com.bd/?ref=aftership&add-to-cart=35456,2026-03-28,Pending
https://e-mart.com.bd/?ref=aftership&add-to-cart=63605,2026-03-28,Pending
https://e-mart.com.bd/?ref=aftership&add-to-cart=56227,2026-03-28,Pending
https://e-mart.com.bd/?ref=aftership&add-to-cart=43289,2026-03-28,Pending
https://e-mart.com.bd/product-brand/apieu/?orderby=price-desc&product_brand=claires,2026-03-28,Pending
https://e-mart.com.bd/product-brand/apieu/?orderby=popularity&product_brand=doit-mommy,2026-03-28,Pending
https://e-mart.com.bd/product-brand/apieu/?orderby=menu_order&product_brand=the-body-shop,2026-03-28,Pending
https://e-mart.com.bd/product-brand/apieu/?orderby=popularity&product_brand=nature-republic,2026-03-28,Pending
https://e-mart.com.bd/product-brand/apieu/?orderby=popularity&product_brand=welcos,2026-03-28,Pending
https://e-mart.com.bd/product-brand/apieu/?orderby=menu_order&product_brand=pampers,2026-03-28,Pending
https://e-mart.com.bd/product/3w-clinic-collagen-luxury-gold-premium-eye-cream-40ml/?add-to-cart=27117,2026-03-28,Pending
https://e-mart.com.bd/product-brand/apieu/?orderby=menu_order&product_brand=kosmedica,2026-03-28,Pending
https://e-mart.com.bd/product-brand/apieu/?orderby=price-desc&product_brand=secret-key,2026-03-28,Pending
https://e-mart.com.bd/product-brand/apieu/?orderby=menu_order&product_brand=cerave,2026-03-28,Pending
https://e-mart.com.bd/product/marymay-idebenone-blackberry-complex-intensive-total-care-cream-70g/?add-to-cart=58039,2026-03-28,Pending
https://e-mart.com.bd/product/cerave-moisturising-cream-for-dry-to-very-dry-skin-50ml/,2026-03-28,Pending
https://e-mart.com.bd/product/innisfree-my-real-squeeze-mask-fig-20ml/,2026-03-27,Pending
https://e-mart.com.bd/product/the-body-shop-aloe-calming-toner-250ml/,2026-03-27,Pending
https://e-mart.com.bd/product/coreana-orthia-gold-ginseng-premium-snail-cream/,2026-03-27,Pending
https://e-mart.com.bd/product-tag/tiam/,2026-03-27,Pending
https://e-mart.com.bd/product-brand/apieu/?orderby=price-desc&product_brand=pax-moly,2026-03-27,Pending
https://e-mart.com.bd/product/garnier-skin-active-micellar-cleansing-gel-wash-200ml/,2026-03-27,Pending
https://e-mart.com.bd/product/palmers-skin-success-anti-dark-spot-fade-milk-body-lotion-250ml/,2026-03-27,Pending
https://e-mart.com.bd/product/cerave-moisturising-cream-for-dry-to-very-dry-skin-50ml/?add-to-cart=2590,2026-03-27,Pending
https://e-mart.com.bd/?add_to_wishlist=19836&add-to-cart=4037,2026-03-27,Pending
https://e-mart.com.bd/?login=true&type=forgot-password&add-to-cart=63641,2026-03-27,Pending
https://e-mart.com.bd/product/axis-y-dark-spot-correcting-glow-cream-50ml/,2026-03-27,Pending
https://e-mart.com.bd/product/anua-peach-77-niacin-enriched-cream-50ml/,2026-03-27,Pending
https://e-mart.com.bd/?add_to_wishlist=1756&add-to-cart=61802,2026-03-27,Pending
https://e-mart.com.bd/?add_to_wishlist=19149&add-to-cart=62228,2026-03-27,Pending
https://e-mart.com.bd/?add_to_wishlist=1756&add-to-cart=56202,2026-03-27,Pending
https://e-mart.com.bd/product/m-a-c-studio-fix-fluid-spf-15-foundation-nc-35/,2026-03-27,Pending
https://e-mart.com.bd/product-tag/cosrx-low-ph-good-morning-gel-cleanser-150ml/?filter_brand=apieu,2026-03-27,Pending
https://e-mart.com.bd/product/cerave-moisturizing-cream-236ml-for-normal-to-dry-skin/,2026-03-27,Pending
https://e-mart.com.bd/product/freeman-beauty-peel-off-mask-with-volcanic-ash-175ml/,2026-03-26,Pending
https://e-mart.com.bd/?add_to_wishlist=2168&add-to-cart=74296,2026-03-26,Pending
https://e-mart.com.bd/product/maybelline-fit-me-matte-liquid-foundation-spf22-wram-nude-128-30ml/,2026-03-26,Pending
https://e-mart.com.bd/product/palmers-skin-success-medicated-complexion-bar-100ge/,2026-03-26,Pending
https://e-mart.com.bd/product/jumiso-all-day-vitamin-nourishing-recharging-wash-off-mask/?add-to-cart=3138,2026-03-26,Pending
https://e-mart.com.bd/product/tresemme-keratin-smooth-color-conditioner-650ml/feed/,2026-03-26,Pending
https://e-mart.com.bd/product/coxir-vita-c-brightening-serum-50ml/feed/,2026-03-26,Pending
https://e-mart.com.bd/product/medicube-collagen-jelly-cream-50ml/,2026-03-26,Pending
https://e-mart.com.bd/product/m-a-c-amplified-lipstick-fusion-pink-3gm/,2026-03-26,Pending
https://e-mart.com.bd/product/mise-en-scene-perfect-hair-serum-70ml/?add-to-cart=2739,2026-03-26,Pending
https://e-mart.com.bd/product/some-by-mi-truecica-aqua-calming-sunscream-spf-50-pa-50ml/?add-to-cart=3223,2026-03-26,Pending
https://e-mart.com.bd/product/cerave-foaming-cleanser-for-normal-to-oily-skin-236ml-2/?add-to-cart=2583,2026-03-26,Pending
https://e-mart.com.bd/product/dabo-pink-collagen-pdrn-hydra-capsule-cream-55-ml/,2026-03-26,Pending
https://e-mart.com.bd/product/innisfree-tone-up-watering-sunscreen-spf50-pa-50ml/,2026-03-26,Pending
https://e-mart.com.bd/product/technic-illuminating-skin-mist-with-gold-flakes-80ml/feed/,2026-03-26,Pending
https://e-mart.com.bd/product/aromatica-rosemary-scalp-scaling-shampoo-400ml/?add-to-cart=3361,2026-03-25,Pending
https://e-mart.com.bd/product/some-by-mi-truecica-aqua-calming-sunscream-spf-50-pa-50ml/?add-to-cart=23486,2026-03-25,Pending
https://e-mart.com.bd/product/cosrx-balancium-comfort-ceramide-cream-80g/?add-to-cart=43252,2026-03-25,Pending
https://e-mart.com.bd/product/banila-co-clean-it-zero-original-cleansing-balm-7ml/?add-to-cart=27298,2026-03-25,Pending
https://e-mart.com.bd/product/raip-moisture-repair-body-lotion-original-500-ml/feed/,2026-03-25,Pending
https://e-mart.com.bd/product/heeyul-premium-24k-gold-ampoule-cream/,2026-03-25,Pending
https://e-mart.com.bd/product/jumiso-snail-mucin-95-peptide-essence-140ml/feed/,2026-03-25,Pending
https://e-mart.com.bd/product-tag/peeling-pad/feed/,2026-03-25,Pending
https://e-mart.com.bd/product-brand/the-body-shop/?orderby=price-desc&product_brand=loreal,2026-03-25,Pending
https://e-mart.com.bd/product/jigott-whitening-activated-cream/,2026-03-25,Pending
https://e-mart.com.bd/product/3w-clinic-pure-natural-brown-rice-cleansing-foam-100ml/?add-to-cart=2585,2026-03-25,Pending
https://e-mart.com.bd/product/medicube-zero-pore-one-day-cream-50ml/feed/,2026-03-25,Pending
https://e-mart.com.bd/product/innisfree-retinol-cica-repair-ampoule-30ml/?add-to-cart=2589,2026-03-25,Pending
https://e-mart.com.bd/product/skin1004-madagascar-centella-tone-brightening-capsule-cream-75ml/feed/,2026-03-25,Pending
https://e-mart.com.bd/product/lmltop-eyebrow-knife-3pcs-set/feed/,2026-03-25,Pending
https://e-mart.com.bd/product/eqqualberry-swimming-pool-toner-155ml/,2026-03-25,Pending
https://e-mart.com.bd/product/purito-seoul-azelaic-acid-10-kojic-azulene-serum-30ml/feed/,2026-03-25,Pending
https://e-mart.com.bd/product/beaute-melasma-x-hyalrounic-water-drop-cream-80ml/,2026-03-25,Pending
https://e-mart.com.bd/product/innisfree-tone-up-watering-sunscreen-spf50-pa-50ml/?add-to-cart=3361,2026-03-25,Pending
https://e-mart.com.bd/product-category/mary-may-wash-off-mask/feed/,2026-03-25,Pending
https://e-mart.com.bd/product/cleanclear-night-relaxing-deep-cleaning-face-wash-240ml/?add-to-cart=2593,2026-03-24,Pending
https://e-mart.com.bd/product/simple-kind-to-skin-hydrating-light-moisturiser-125ml/,2026-03-24,Pending
https://e-mart.com.bd/product/neutrogena-hydro-boost-aqua-water-gel-50ml/?add-to-cart=2593,2026-03-24,Pending
https://e-mart.com.bd/product/mandom-lucido-aging-care-lotion-q-10-anti-aging-lotion-for-men-110ml/?add-to-cart=43797,2026-03-24,Pending
https://e-mart.com.bd/product/haruharu-wonder-black-rice-moisture-airyfit-daily-sunscreen-50ml/,2026-03-24,Pending
https://e-mart.com.bd/product-tag/vitamin-c-serum/,2026-03-24,Pending
https://e-mart.com.bd/product/cosrx-hydrium-watery-toner-50ml-mini/?add-to-cart=2593,2026-03-24,Pending
https://e-mart.com.bd/product-tag/shampoo/feed/,2026-03-24,Pending
https://e-mart.com.bd/product/coxir-ultra-hyaluronic-toner-150ml/?add-to-cart=3133,2026-03-24,Pending
https://e-mart.com.bd/product-tag/skinmiso/,2026-03-24,Pending
https://e-mart.com.bd/product/innisfree-jeju-volcanic-pore-scrub-foam-150ml/?add-to-cart=2915,2026-03-24,Pending
https://e-mart.com.bd/product/mandom-lucido-ageing-care-milk-q10-for-men-100ml/?add-to-cart=43716,2026-03-24,Pending
https://e-mart.com.bd/product/innisfree-my-real-squeeze-mask-bamboo-20ml/,2026-03-24,Pending
https://e-mart.com.bd/product/neutrogena-hydro-boost-gel-cream-for-dry-skin-50ml/?add-to-cart=2589,2026-03-24,Pending
https://e-mart.com.bd/product-tag/vita/?per_row=2&per_page=9&shop_view=grid,2026-03-24,Pending
https://e-mart.com.bd/product/aplb-glutathione-niacinamide-facial-cream-55ml-2/,2026-03-24,Pending
https://e-mart.com.bd/product/aplb-glutathione-niacinamide-ampoule-serum-40ml/,2026-03-24,Pending
https://e-mart.com.bd/product/the-body-shop-vitamin-c-glow-boosting-moisturiser-50ml/,2026-03-24,Pending
https://e-mart.com.bd/product/beauty-of-joseon-matte-sun-stick-mugwortcamelia18g-0-63fl-oz/?add-to-cart=2627,2026-03-24,Pending
https://e-mart.com.bd/product/m-a-c-matte-lipstick/,2026-03-24,Pending
https://e-mart.com.bd/product/shiseido-fino-premium-touch-hair-oil-70ml/,2026-03-24,Pending
https://e-mart.com.bd/product-category/isntree-serum-ampoule/feed/,2026-03-24,Pending
https://e-mart.com.bd/product-tag/snail/page/2/?orderby=date&per_row=4&shop_view=grid&per_page=9,2026-03-24,Pending
https://e-mart.com.bd/product/the-body-shop-japanese-matcha-tea-pollution-clearing-75ml/,2026-03-24,Pending
https://e-mart.com.bd/product/heeyul-premium-24k-gold-ampoule-cream-2/,2026-03-23,Pending
https://e-mart.com.bd/product/anua-heartleaf-lha-moisture-peeling-gel-120ml/,2026-03-23,Pending
https://e-mart.com.bd/product-tag/shooting-gel/,2026-03-23,Pending
https://e-mart.com.bd/product-tag/snail/?orderby=price&per_page=24&add-to-cart=56970,2026-03-23,Pending
https://e-mart.com.bd/product/neutrogena-sheer-zinc-dry-touch-sunscreen-broad-spectrum-spf-50-88ml/?add-to-cart=3629,2026-03-23,Pending
https://e-mart.com.bd/product/garnier-sakura-glow-hyaluron-facial-cream-spf30-50ml/?add-to-cart=53315,2026-03-23,Pending
https://e-mart.com.bd/product/neutrogena-hydro-boost-aqua-water-gel-50ml/?add-to-cart=26353,2026-03-23,Pending
https://e-mart.com.bd/product/innisfree-super-volcanic-pore-clay-mask-100ml/?add-to-cart=3700,2026-03-23,Pending
https://e-mart.com.bd/product/vaseline-blue-seal-aloe-fresh-petroleum-jelly-100ml/feed/,2026-03-23,Pending
https://e-mart.com.bd/product/anua-heartleaf-pore-control-cleansing-oil-200ml-2/,2026-03-23,Pending
https://e-mart.com.bd/product/ponds-age-miracle-youthful-glow-night-cream-45g/feed/,2026-03-23,Pending
https://e-mart.com.bd/product/missha-airy-fit-sheet-mask-pearl/,2026-03-23,Pending
https://e-mart.com.bd/product-tag/glycolic-acid/feed/,2026-03-23,Pending
https://e-mart.com.bd/product/im-from-rice-toner-150ml/feed/,2026-03-22,Pending
https://e-mart.com.bd/product-category/skin-care/face-creams-moisturizers/night-crime/,2026-03-22,Pending
https://e-mart.com.bd/product/im-from-mugwort-essence-160ml/feed/,2026-03-21,Pending
https://e-mart.com.bd/product/cosrx-advanced-snail-radiance-dual-essence-80ml/feed/,2026-03-21,Pending
https://e-mart.com.bd/product-category/makeup-cosmetics/eyebrow-colors/feed/,2026-03-21,Pending
https://e-mart.com.bd/product-category/makeup-cosmetics/mascaras/feed/,2026-03-21,Pending
https://e-mart.com.bd/product-category/health-and-wellbeings/otc-drugs/feed/,2026-03-21,Pending
https://e-mart.com.bd/product-tag/good/,2026-03-20,Pending
https://e-mart.com.bd/product-tag/hydrating-cleanser/page/2/?per_row=4&per_page=9&shop_view=grid,2026-03-20,Pending
https://e-mart.com.bd/product/cosrx-vitamin-e-vitalizing-sunscreen-spf-50-pa-50ml/,2026-03-20,Pending
https://e-mart.com.bd/product/marymay-idebenone-blackberry-complex-serum-30ml/,2026-03-19,Pending
https://e-mart.com.bd/product-category/beauty-toiletries/skin-care/makeup-remover-cleanser-face-care/?add_to_wishlist=3571,2026-03-19,Pending
https://e-mart.com.bd/product-category/beauty-toiletries/skin-care/makeup-remover-cleanser-face-care/?add_to_wishlist=2636,2026-03-19,Pending
https://e-mart.com.bd/product/st-ives-intensive-healing-cranberry-grapeseed-oil-body-lotion-3/,2026-03-18,Pending
https://e-mart.com.bd/product/confume-argan-smoothing-hair-essence-500-gm/,2026-03-18,Pending
https://e-mart.com.bd/product/the-body-shop-liquid-eye-liner-01-black/,2026-03-18,Pending
https://e-mart.com.bd/product/tresemme-keratin-smooth-deep-smootthing-mask-300ml/,2026-03-18,Pending
https://e-mart.com.bd/product/numbuzin-no-9-nad-retinol-volumetox-eye-cream-10ml/,2026-03-18,Pending
https://e-mart.com.bd/product/dr-althea-green-tea-fresh-sunscreen-45ml/,2026-03-17,Pending
https://e-mart.com.bd/product/beauty-of-joseon-green-plum-refreshing-toner-aha-bha-150-ml/,2026-03-17,Pending
https://e-mart.com.bd/product/haruharu-wonder-black-rice-hyaluronic-cream-unscented-50ml/,2026-03-16,Pending
https://e-mart.com.bd/product-brand/skylake/?product_brand=skinfood,2026-03-15,Pending
https://e-mart.com.bd/product-tag/vita/,2026-03-15,Pending
https://e-mart.com.bd/contact-us,2026-03-15,Pending
https://e-mart.com.bd/product/eucerin-hyaluron-filler-vitamin-c-booster-3x8ml/,2026-03-15,Pending
https://e-mart.com.bd/product/christian-dean-secret-tone-up-sun-cream-70ml/,2026-03-15,Pending
https://e-mart.com.bd/product/3w-clinic-intensive-uv-sunblock-cream-spf50-pa-70ml-3/?add_to_wishlist=25409,2026-03-15,Pending
https://e-mart.com.bd/tag/hada-labo-extreme-uv-white-gel/,2026-03-15,Pending
https://e-mart.com.bd/product-tag/hydrating-cleanser/?per_row=3&shop_view=grid&per_page=36&add-to-cart=52358,2026-03-15,Pending
https://e-mart.com.bd/product-tag/whitening/,2026-03-15,Pending
https://e-mart.com.bd/product/some-by-mi-galactomyces-pure-vitamin-c-glow-toner-200ml/,2026-03-15,Pending
https://e-mart.com.bd/product-category/new-promos/?per_page=24,2026-03-15,Pending
https://e-mart.com.bd/product-category/beauty-toiletries/skin-care/sleeping-masks/,2026-03-15,Pending
https://e-mart.com.bd/product/skin-cafe-100-natural-rose-water-face-and-body-mist/,2026-03-15,Pending
https://e-mart.com.bd/product/dr-althea-aqua-glowing-sunscreen-45ml/,2026-03-15,Pending
https://e-mart.com.bd/product-tag/acai-berry/?per_page=9,2026-03-15,Pending
https://e-mart.com.bd/contact/,2026-03-15,Pending
https://e-mart.com.bd/?action=yith-woocompare-add-product&id=24021&add-to-cart=60412,2026-03-15,Pending
https://e-mart.com.bd/?action=yith-woocompare-add-product&id=12345&add-to-cart=2782,2026-03-15,Pending
https://e-mart.com.bd/product/medicube-zero-pore-one-day-cream-50ml/,2026-03-15,Pending
https://e-mart.com.bd/?add_to_wishlist=1756&add-to-cart=23083,2026-03-15,Pending
https://e-mart.com.bd/?action=yith-woocompare-add-product&id=3403&add-to-cart=60095,2026-03-14,Pending
https://e-mart.com.bd/product-brand/the-face-shop/?product_brand=missha,2026-03-14,Pending
https://e-mart.com.bd/product-tag/anti-aging/?per_page=24&add-to-cart=50881,2026-03-14,Pending
https://e-mart.com.bd/product/tocobo-cotton-soft-sun-stick-spf50-pa-19g/,2026-03-14,Pending
https://e-mart.com.bd/product-tag/natural-ingredients/?per_row=4&shop_view=grid&per_page=36,2026-03-14,Pending
https://e-mart.com.bd/product-category/beauty-toiletries/hair-care/shampoos/?product_brand=innisfree,2026-03-14,Pending
https://e-mart.com.bd/product-category/beauty-toiletries/hand-nail-care-products/,2026-03-14,Pending
https://e-mart.com.bd/product-tag/skincare-routine/,2026-03-14,Pending
https://e-mart.com.bd/product-category/shop-women/beauty/face-care/exfoliator/,2026-03-14,Pending
https://e-mart.com.bd/product/rovectin-vita-dark-spot-serum/,2026-03-14,Pending
https://e-mart.com.bd/product-category/body-care-products/body-mist-spray/,2026-03-14,Pending
https://e-mart.com.bd/product-category/hair-care/hair-essence-serum/?per_row=3&shop_view=grid,2026-03-14,Pending
https://e-mart.com.bd/?add_to_wishlist=1756&add-to-cart=37190,2026-03-14,Pending
https://e-mart.com.bd/?add_to_wishlist=1756&add-to-cart=50552,2026-03-14,Pending
https://e-mart.com.bd/product/cerave-skin-renewing-retinol-serum-30ml/?add_to_wishlist=2475,2026-03-14,Pending
https://e-mart.com.bd/product/anua-retinol-0-3-niacin-renewing-serum-30ml/,2026-03-14,Pending
https://e-mart.com.bd/product/melano-cc-premium-brightening-essence-serum-20ml/,2026-03-14,Pending
https://e-mart.com.bd/?action=yith-woocompare-add-product&id=25617&add-to-cart=60454,2026-03-14,Pending
https://e-mart.com.bd/product-category/on-sale/?per_page=24,2026-03-14,Pending
https://e-mart.com.bd/product-category/beauty-toiletries/skin-care/facial-toners/?add_to_wishlist=3444&add-to-cart=53311,2026-03-14,Pending
https://e-mart.com.bd/?add_to_wishlist=1756&add-to-cart=51010,2026-03-14,Pending
https://e-mart.com.bd/?add_to_wishlist=1756&add-to-cart=37264,2026-03-14,Pending
https://e-mart.com.bd/?action=yith-woocompare-add-product&id=23484&add-to-cart=26942,2026-03-14,Pending
https://e-mart.com.bd/?add_to_wishlist=1756&add-to-cart=36637,2026-03-14,Pending
https://e-mart.com.bd/?action=yith-woocompare-add-product&id=24027&add-to-cart=36059,2026-03-14,Pending
https://e-mart.com.bd/?add_to_wishlist=1756&add-to-cart=27117,2026-03-14,Pending
https://e-mart.com.bd/?action=yith-woocompare-add-product&id=24027&add-to-cart=60623,2026-03-14,Pending
https://e-mart.com.bd/?action=yith-woocompare-add-product&id=24027&add-to-cart=75583,2026-03-13,Pending
https://e-mart.com.bd/?action=yith-woocompare-add-product&id=2481&add-to-cart=4262,2026-03-13,Pending
https://e-mart.com.bd/?add_to_wishlist=1756&add-to-cart=58190,2026-03-13,Pending
https://e-mart.com.bd/?action=yith-woocompare-add-product&id=3395&add-to-cart=43765,2026-03-13,Pending
https://e-mart.com.bd/?add_to_wishlist=1756&add-to-cart=27208,2026-03-13,Pending
https://e-mart.com.bd/product/im-from-rice-cream-50g-2/?add_to_wishlist=1939,2026-03-13,Pending
https://e-mart.com.bd/product/im-from-rice-cream-50g-2/?add_to_wishlist=3058,2026-03-13,Pending
https://e-mart.com.bd/product/im-from-rice-cream-50g-2/?add_to_wishlist=1960,2026-03-13,Pending
https://e-mart.com.bd/product-tag/skincare/,2026-03-13,Pending
https://e-mart.com.bd/?action=yith-woocompare-add-product&id=12345&add-to-cart=57127,2026-03-13,Pending
https://e-mart.com.bd/?action=yith-woocompare-add-product&id=24027&add-to-cart=75485,2026-03-13,Pending
https://e-mart.com.bd/?action=yith-woocompare-add-product&id=24027&add-to-cart=61331,2026-03-13,Pending
https://e-mart.com.bd/?action=yith-woocompare-add-product&id=24027&add-to-cart=27073,2026-03-13,Pending
https://e-mart.com.bd/?add_to_wishlist=1756&add-to-cart=75506,2026-03-13,Pending
https://e-mart.com.bd/?add_to_wishlist=1756&add-to-cart=27211,2026-03-13,Pending
https://e-mart.com.bd/?action=yith-woocompare-add-product&id=23484&add-to-cart=38325,2026-03-13,Pending
https://e-mart.com.bd/?action=yith-woocompare-add-product&id=24027&add-to-cart=60372,2026-03-13,Pending
https://e-mart.com.bd/?action=yith-woocompare-add-product&id=2383&add-to-cart=38325,2026-03-13,Pending
https://e-mart.com.bd/?add_to_wishlist=1756&add-to-cart=61198,2026-03-13,Pending
https://e-mart.com.bd/?action=yith-woocompare-add-product&id=2481&add-to-cart=36081,2026-03-13,Pending
https://e-mart.com.bd/?action=yith-woocompare-add-product&id=3395&add-to-cart=60250,2026-03-13,Pending
https://e-mart.com.bd/?action=yith-woocompare-add-product&id=2383&add-to-cart=37241,2026-03-13,Pending
https://e-mart.com.bd/?action=yith-woocompare-add-product&id=3381&add-to-cart=59421,2026-03-13,Pending
https://e-mart.com.bd/product-category/health-and-wellbeings/hand-sanitizer/?per_row=4&shop_view=grid,2026-03-13,Pending
https://e-mart.com.bd/?add_to_wishlist=3287&add-to-cart=61711,2026-03-13,Pending
https://e-mart.com.bd/?action=yith-woocompare-add-product&id=24027&add-to-cart=37400,2026-03-13,Pending
https://e-mart.com.bd/?action=yith-woocompare-add-product&id=4453&add-to-cart=60713,2026-03-13,Pending
https://e-mart.com.bd/?add_to_wishlist=3287&add-to-cart=36086,2026-03-13,Pending
https://e-mart.com.bd/?action=yith-woocompare-add-product&id=23484&add-to-cart=2962,2026-03-13,Pending
https://e-mart.com.bd/?action=yith-woocompare-add-product&id=25617&add-to-cart=36577,2026-03-13,Pending
https://e-mart.com.bd/?action=yith-woocompare-add-product&id=19352&add-to-cart=3509,2026-03-13,Pending
https://e-mart.com.bd/?action=yith-woocompare-add-product&id=23484&add-to-cart=26332,2026-03-13,Pending
https://e-mart.com.bd/?action=yith-woocompare-add-product&id=24021&add-to-cart=74162,2026-03-13,Pending
https://e-mart.com.bd/?add_to_wishlist=1756&add-to-cart=2962,2026-03-13,Pending
https://e-mart.com.bd/?action=yith-woocompare-add-product&id=25622&add-to-cart=61729,2026-03-13,Pending
https://e-mart.com.bd/product/oral-b-1-2-3-salt-power-white-toothpaste-100ml/,2026-03-13,Pending
https://e-mart.com.bd/product-category/body-care-products/body-oils/?shop_view=grid&per_row=4,2026-03-13,Pending
https://e-mart.com.bd/?add_to_wishlist=1756&add-to-cart=74437,2026-03-13,Pending
https://e-mart.com.bd/product-category/new-promos/?per_page=36,2026-03-13,Pending
https://e-mart.com.bd/?action=yith-woocompare-add-product&id=2383&add-to-cart=51398,2026-03-13,Pending
https://e-mart.com.bd/?action=yith-woocompare-add-product&id=2383&add-to-cart=75207,2026-03-13,Pending
https://e-mart.com.bd/?add_to_wishlist=1756&add-to-cart=27143,2026-03-13,Pending
https://e-mart.com.bd/?action=yith-woocompare-add-product&id=2383&add-to-cart=56291,2026-03-12,Pending
https://e-mart.com.bd/?action=yith-woocompare-add-product&id=2383&add-to-cart=75305,2026-03-12,Pending
https://e-mart.com.bd/?action=yith-woocompare-add-product&id=25622&add-to-cart=60194,2026-03-12,Pending
https://e-mart.com.bd/?action=yith-woocompare-add-product&id=24027&add-to-cart=60176,2026-03-12,Pending
https://e-mart.com.bd/?action=yith-woocompare-add-product&id=24027&add-to-cart=74575,2026-03-12,Pending
https://e-mart.com.bd/?action=yith-woocompare-add-product&id=24025&add-to-cart=59722,2026-03-12,Pending
https://e-mart.com.bd/?action=yith-woocompare-add-product&id=2383&add-to-cart=60188,2026-03-12,Pending
https://e-mart.com.bd/?action=yith-woocompare-add-product&id=2383&add-to-cart=61638,2026-03-12,Pending
https://e-mart.com.bd/?add_to_wishlist=1756&add-to-cart=75299,2026-03-12,Pending
https://e-mart.com.bd/?add_to_wishlist=1756&add-to-cart=56975,2026-03-12,Pending
https://e-mart.com.bd/?add_to_wishlist=3287&add-to-cart=36929,2026-03-12,Pending
https://e-mart.com.bd/?add_to_wishlist=1756&add-to-cart=37728,2026-03-12,Pending
https://e-mart.com.bd/?action=yith-woocompare-add-product&id=2383&add-to-cart=61389,2026-03-12,Pending
https://e-mart.com.bd/?action=yith-woocompare-add-product&id=2383&add-to-cart=60608,2026-03-12,Pending
https://e-mart.com.bd/?add_to_wishlist=3287&add-to-cart=60996,2026-03-12,Pending
https://e-mart.com.bd/?action=yith-woocompare-add-product&id=24027&add-to-cart=74544,2026-03-12,Pending
https://e-mart.com.bd/?add_to_wishlist=3287&add-to-cart=59827,2026-03-12,Pending
https://e-mart.com.bd/?add_to_wishlist=1756&add-to-cart=37483,2026-03-12,Pending
https://e-mart.com.bd/?action=yith-woocompare-add-product&id=2383&add-to-cart=59982,2026-03-12,Pending
https://e-mart.com.bd/?action=yith-woocompare-add-product&id=24027&add-to-cart=59735,2026-03-12,Pending
https://e-mart.com.bd/?add_to_wishlist=1756&add-to-cart=43859,2026-03-12,Pending
https://e-mart.com.bd/?action=yith-woocompare-add-product&id=24027&add-to-cart=4318,2026-03-12,Pending
https://e-mart.com.bd/?action=yith-woocompare-add-product&id=3395&add-to-cart=56194,2026-03-12,Pending
https://e-mart.com.bd/?action=yith-woocompare-add-product&id=24025&add-to-cart=61682,2026-03-12,Pending
https://e-mart.com.bd/?action=yith-woocompare-add-product&id=24027&add-to-cart=60839,2026-03-12,Pending
https://e-mart.com.bd/?action=yith-woocompare-add-product&id=2383&add-to-cart=37536,2026-03-12,Pending
https://e-mart.com.bd/product-category/health-and-wellbeings/hand-sanitizer/?shop_view=grid&per_row=3,2026-03-12,Pending
https://e-mart.com.bd/product-category/skin-care/facial-scrubs/?per_page=9,2026-03-12,Pending
https://e-mart.com.bd/?action=yith-woocompare-add-product&id=24025&add-to-cart=2588,2026-03-12,Pending
https://e-mart.com.bd/?action=yith-woocompare-add-product&id=24027&add-to-cart=61682,2026-03-12,Pending
https://e-mart.com.bd/product-category/hair-care/hair-colors/?per_page=9,2026-03-12,Pending
https://e-mart.com.bd/?action=yith-woocompare-add-product&id=2383&add-to-cart=74295,2026-03-12,Pending
https://e-mart.com.bd/?action=yith-woocompare-add-product&id=2383&add-to-cart=2779,2026-03-12,Pending
https://e-mart.com.bd/?action=yith-woocompare-add-product&id=24025&add-to-cart=61493,2026-03-12,Pending
https://e-mart.com.bd/?action=yith-woocompare-add-product&id=24025&add-to-cart=3183,2026-03-12,Pending
https://e-mart.com.bd/?action=yith-woocompare-add-product&id=2383&add-to-cart=56208,2026-03-12,Pending
https://e-mart.com.bd/?action=yith-woocompare-add-product&id=2383&add-to-cart=38330,2026-03-12,Pending
https://e-mart.com.bd/?add_to_wishlist=1756&add-to-cart=75485,2026-03-12,Pending
https://e-mart.com.bd/?action=yith-woocompare-add-product&id=2383&add-to-cart=36592,2026-03-12,Pending
https://e-mart.com.bd/?action=yith-woocompare-add-product&id=24027&add-to-cart=3183,2026-03-12,Pending
https://e-mart.com.bd/?add_to_wishlist=3287&add-to-cart=60107,2026-03-12,Pending
https://e-mart.com.bd/?action=yith-woocompare-add-product&id=2383&add-to-cart=26654,2026-03-12,Pending
https://e-mart.com.bd/?add_to_wishlist=1756&add-to-cart=59758,2026-03-12,Pending
https://e-mart.com.bd/?add_to_wishlist=1756&add-to-cart=38113,2026-03-12,Pending
https://e-mart.com.bd/product-category/body-care-products/body-lotions/?add_to_wishlist=2666,2026-03-12,Pending
https://e-mart.com.bd/?action=yith-woocompare-add-product&id=2383&add-to-cart=75595,2026-03-12,Pending
https://e-mart.com.bd/?action=yith-woocompare-add-product&id=2383&add-to-cart=60861,2026-03-12,Pending
https://e-mart.com.bd/?action=yith-woocompare-add-product&id=24027&add-to-cart=37465,2026-03-12,Pending
https://e-mart.com.bd/?add_to_wishlist=1756&add-to-cart=51700,2026-03-12,Pending
https://e-mart.com.bd/?action=yith-woocompare-add-product&id=24027&add-to-cart=36214,2026-03-12,Pending
https://e-mart.com.bd/?add_to_wishlist=1756&add-to-cart=43754,2026-03-12,Pending
https://e-mart.com.bd/?action=yith-woocompare-add-product&id=24027&add-to-cart=60673,2026-03-12,Pending
https://e-mart.com.bd/?action=yith-woocompare-add-product&id=24027&add-to-cart=60960,2026-03-12,Pending
https://e-mart.com.bd/?action=yith-woocompare-add-product&id=24027&add-to-cart=26654,2026-03-12,Pending
https://e-mart.com.bd/?action=yith-woocompare-add-product&id=24027&add-to-cart=59421,2026-03-12,Pending
https://e-mart.com.bd/?action=yith-woocompare-add-product&id=24027&add-to-cart=36378,2026-03-12,Pending
https://e-mart.com.bd/?add_to_wishlist=3287&add-to-cart=75129,2026-03-12,Pending
https://e-mart.com.bd/?action=yith-woocompare-add-product&id=24027&add-to-cart=60504,2026-03-12,Pending
https://e-mart.com.bd/?add_to_wishlist=1756&add-to-cart=36094,2026-03-12,Pending
https://e-mart.com.bd/?add_to_wishlist=3287&add-to-cart=74451,2026-03-12,Pending
https://e-mart.com.bd/?action=yith-woocompare-add-product&id=2383&add-to-cart=56469,2026-03-12,Pending
https://e-mart.com.bd/?add_to_wishlist=1756&add-to-cart=58014,2026-03-12,Pending
https://e-mart.com.bd/?add_to_wishlist=1756&add-to-cart=75024,2026-03-12,Pending
https://e-mart.com.bd/?add_to_wishlist=1756&add-to-cart=60701,2026-03-12,Pending
https://e-mart.com.bd/?action=yith-woocompare-add-product&id=25622&add-to-cart=61726,2026-03-12,Pending
https://e-mart.com.bd/?action=yith-woocompare-add-product&id=2383&add-to-cart=75011,2026-03-12,Pending
https://e-mart.com.bd/?add_to_wishlist=1756&add-to-cart=37310,2026-03-12,Pending
https://e-mart.com.bd/?add_to_wishlist=3287&add-to-cart=38103,2026-03-12,Pending
https://e-mart.com.bd/?add_to_wishlist=3287&add-to-cart=74820,2026-03-12,Pending
https://e-mart.com.bd/?action=yith-woocompare-add-product&id=2383&add-to-cart=74227,2026-03-12,Pending
https://e-mart.com.bd/?action=yith-woocompare-add-product&id=2383&add-to-cart=60901,2026-03-12,Pending
https://e-mart.com.bd/?add_to_wishlist=3287&add-to-cart=74265,2026-03-12,Pending
https://e-mart.com.bd/product/nacific-fresh-herb-origin-kit/?add_to_wishlist=1898&add-to-cart=26904,2026-03-12,Pending
https://e-mart.com.bd/?action=yith-woocompare-add-product&id=24025&add-to-cart=60129,2026-03-12,Pending
https://e-mart.com.bd/?add_to_wishlist=1756&add-to-cart=75199,2026-03-12,Pending
https://e-mart.com.bd/?action=yith-woocompare-add-product&id=2383&add-to-cart=75307,2026-03-12,Pending
https://e-mart.com.bd/?action=yith-woocompare-add-product&id=24025&add-to-cart=60556,2026-03-12,Pending
https://e-mart.com.bd/?add_to_wishlist=1756&add-to-cart=26091,2026-03-12,Pending
https://e-mart.com.bd/?action=yith-woocompare-add-product&id=2383&add-to-cart=74156,2026-03-12,Pending
https://e-mart.com.bd/?action=yith-woocompare-add-product&id=24027&add-to-cart=37390,2026-03-12,Pending
https://e-mart.com.bd/?action=yith-woocompare-add-product&id=24025&add-to-cart=59562,2026-03-12,Pending
https://e-mart.com.bd/?action=yith-woocompare-add-product&id=25622&add-to-cart=37205,2026-03-12,Pending
https://e-mart.com.bd/?action=yith-woocompare-add-product&id=2383&add-to-cart=26091,2026-03-12,Pending
https://e-mart.com.bd/?action=yith-woocompare-add-product&id=24025&add-to-cart=58436,2026-03-12,Pending
https://e-mart.com.bd/product/nivea-uv-super-water,2026-03-12,Pending
https://e-mart.com.bd/?action=yith-woocompare-add-product&id=2383&add-to-cart=47211,2026-03-12,Pending
https://e-mart.com.bd/?add_to_wishlist=1756&add-to-cart=74818,2026-03-12,Pending
https://e-mart.com.bd/?action=yith-woocompare-add-product&id=24027&add-to-cart=35882,2026-03-12,Pending
https://e-mart.com.bd/?add_to_wishlist=1756&add-to-cart=75494,2026-03-12,Pending
https://e-mart.com.bd/product/nacific-fresh-herb-origin-kit/?product_brand=skinfood&add-to-cart=4150,2026-03-12,Pending
https://e-mart.com.bd/?action=yith-woocompare-add-product&id=24027&add-to-cart=75587,2026-03-12,Pending
https://e-mart.com.bd/?action=yith-woocompare-add-product&id=24025&add-to-cart=75018,2026-03-12,Pending
https://e-mart.com.bd/?action=yith-woocompare-add-product&id=2383&add-to-cart=59557,2026-03-12,Pending
https://e-mart.com.bd/?action=yith-woocompare-add-product&id=2383&add-to-cart=59894,2026-03-12,Pending
https://e-mart.com.bd/?action=yith-woocompare-add-product&id=24025&add-to-cart=60368,2026-03-12,Pending
https://e-mart.com.bd/?action=yith-woocompare-add-product&id=24027&add-to-cart=43862,2026-03-12,Pending
https://e-mart.com.bd/?action=yith-woocompare-add-product&id=2383&add-to-cart=74820,2026-03-12,Pending
https://e-mart.com.bd/?add_to_wishlist=3287&add-to-cart=37197,2026-03-12,Pending
https://e-mart.com.bd/?add_to_wishlist=1756&add-to-cart=58424,2026-03-12,Pending
https://e-mart.com.bd/?action=yith-woocompare-add-product&id=24027&add-to-cart=4137,2026-03-12,Pending
https://e-mart.com.bd/?add_to_wishlist=3287&add-to-cart=36492,2026-03-11,Pending
https://e-mart.com.bd/?action=yith-woocompare-add-product&id=24027&add-to-cart=60107,2026-03-11,Pending
https://e-mart.com.bd/?add_to_wishlist=1756&add-to-cart=74492,2026-03-11,Pending
https://e-mart.com.bd/?action=yith-woocompare-add-product&id=24025&add-to-cart=74191,2026-03-11,Pending
https://e-mart.com.bd/?action=yith-woocompare-add-product&id=24027&add-to-cart=59761,2026-03-11,Pending
https://e-mart.com.bd/?action=yith-woocompare-add-product&id=24027&add-to-cart=74747,2026-03-11,Pending
https://e-mart.com.bd/?action=yith-woocompare-add-product&id=24025&add-to-cart=57666,2026-03-11,Pending
https://e-mart.com.bd/?action=yith-woocompare-add-product&id=24025&add-to-cart=74142,2026-03-11,Pending
https://e-mart.com.bd/?action=yith-woocompare-add-product&id=3403&add-to-cart=61283,2026-03-11,Pending
https://e-mart.com.bd/?attachment_id=2759,2026-03-11,Pending
https://e-mart.com.bd/?action=yith-woocompare-add-product&id=3403&add-to-cart=37338,2026-03-11,Pending
https://e-mart.com.bd/product/beauty-of-joseon-rice-probiotics-sunscreen-50-ml/?add_to_wishlist=1976,2026-03-11,Pending
https://e-mart.com.bd/product-brand/nacific/?product_brand=skinfood,2026-03-11,Pending
https://e-mart.com.bd/product/nacific/?add_to_wishlist=2109,2026-03-11,Pending
https://e-mart.com.bd/product/nacific/?add_to_wishlist=1898,2026-03-11,Pending
https://e-mart.com.bd/?action=yith-woocompare-add-product&id=24021&add-to-cart=38196,2026-03-11,Pending
https://e-mart.com.bd/?add_to_wishlist=3287&add-to-cart=74229,2026-03-11,Pending
https://e-mart.com.bd/product/beauty-of-joseon-rice-probiotics-sunscreen-50-ml/?add_to_wishlist=1943,2026-03-11,Pending
https://e-mart.com.bd/?action=yith-woocompare-add-product&id=3403&add-to-cart=55812,2026-03-11,Pending
https://e-mart.com.bd/?action=yith-woocompare-add-product&id=24027&add-to-cart=50535,2026-03-11,Pending
https://e-mart.com.bd/?action=yith-woocompare-add-product&id=24025&add-to-cart=75485,2026-03-11,Pending
https://e-mart.com.bd/?action=yith-woocompare-add-product&id=3381&add-to-cart=61333,2026-03-11,Pending
https://e-mart.com.bd/?action=yith-woocompare-add-product&id=3395&add-to-cart=50878,2026-03-11,Pending
https://e-mart.com.bd/?action=yith-woocompare-add-product&id=19352&add-to-cart=61746,2026-03-11,Pending
https://e-mart.com.bd/?action=yith-woocompare-add-product&id=12345&add-to-cart=37718,2026-03-11,Pending
https://e-mart.com.bd/?action=yith-woocompare-add-product&id=2703&add-to-cart=74173,2026-03-11,Pending
https://e-mart.com.bd/?action=yith-woocompare-add-product&id=2383&add-to-cart=60611,2026-03-11,Pending
https://e-mart.com.bd/?action=yith-woocompare-add-product&id=25617&add-to-cart=60733,2026-03-11,Pending
https://e-mart.com.bd/product-category/beauty-toiletries/hair-care/hair-scalp-care-products/,2026-03-11,Pending
https://e-mart.com.bd/?action=yith-woocompare-add-product&id=24025&add-to-cart=74865,2026-03-11,Pending
https://e-mart.com.bd/?action=yith-woocompare-add-product&id=24027&add-to-cart=50625,2026-03-11,Pending
https://e-mart.com.bd/?action=yith-woocompare-add-product&id=24027&add-to-cart=75595,2026-03-11,Pending
https://e-mart.com.bd/?action=yith-woocompare-add-product&id=24025&add-to-cart=3745,2026-03-11,Pending
https://e-mart.com.bd/?action=yith-woocompare-add-product&id=24027&add-to-cart=34077,2026-03-11,Pending
https://e-mart.com.bd/?action=yith-woocompare-add-product&id=24025&add-to-cart=74548,2026-03-11,Pending
https://e-mart.com.bd/?action=yith-woocompare-add-product&id=2683&add-to-cart=61744,2026-03-11,Pending
https://e-mart.com.bd/?action=yith-woocompare-add-product&id=2683&add-to-cart=60779,2026-03-11,Pending
https://e-mart.com.bd/?action=yith-woocompare-add-product&id=24025&add-to-cart=61774,2026-03-11,Pending
https://e-mart.com.bd/?action=yith-woocompare-add-product&id=24027&add-to-cart=74715,2026-03-11,Pending
https://e-mart.com.bd/?action=yith-woocompare-add-product&id=24027&add-to-cart=37356,2026-03-11,Pending
https://e-mart.com.bd/?action=yith-woocompare-add-product&id=24027&add-to-cart=60338,2026-03-11,Pending
https://e-mart.com.bd/?action=yith-woocompare-add-product&id=24021&add-to-cart=58440,2026-03-11,Pending
https://e-mart.com.bd/?action=yith-woocompare-add-product&id=24025&add-to-cart=74152,2026-03-11,Pending
https://e-mart.com.bd/?action=yith-woocompare-add-product&id=4453&add-to-cart=75011,2026-03-11,Pending
https://e-mart.com.bd/?action=yith-woocompare-add-product&id=2703&add-to-cart=74686,2026-03-11,Pending
https://e-mart.com.bd/?action=yith-woocompare-add-product&id=2703&add-to-cart=60222,2026-03-11,Pending
https://e-mart.com.bd/?action=yith-woocompare-add-product&id=19352&add-to-cart=74291,2026-03-11,Pending
https://e-mart.com.bd/?action=yith-woocompare-add-product&id=2481&add-to-cart=60536,2026-03-11,Pending
https://e-mart.com.bd/?action=yith-woocompare-add-product&id=4453&add-to-cart=60604,2026-03-11,Pending
https://e-mart.com.bd/?action=yith-woocompare-add-product&id=25617&add-to-cart=60306,2026-03-11,Pending
https://e-mart.com.bd/?action=yith-woocompare-add-product&id=25622&add-to-cart=37359,2026-03-11,Pending
https://e-mart.com.bd/?action=yith-woocompare-add-product&id=19352&add-to-cart=60180,2026-03-11,Pending
https://e-mart.com.bd/product/nacific/,2026-03-11,Pending
https://e-mart.com.bd/product/innisfree-green-tea-,2026-03-11,Pending
https://e-mart.com.bd/product-category/skin-care/page/95/,2026-03-11,Pending
https://e-mart.com.bd/?action=yith-woocompare-add-product&id=2703&add-to-cart=50574,2026-03-11,Pending
https://e-mart.com.bd/?action=yith-woocompare-add-product&id=3395&add-to-cart=74688,2026-03-11,Pending
https://e-mart.com.bd/?action=yith-woocompare-add-product&id=2383&add-to-cart=51321,2026-03-11,Pending
https://e-mart.com.bd/?action=yith-woocompare-add-product&id=25617&add-to-cart=75349,2026-03-11,Pending
https://e-mart.com.bd/product/buy-goodal-green-,2026-03-11,Pending
https://e-mart.com.bd/product-tag/dry-touch/?shop_view=grid&per_row=3,2026-03-11,Pending
https://e-mart.com.bd/?action=yith-woocompare-add-product&id=4453&add-to-cart=74951,2026-03-11,Pending
https://e-mart.com.bd/?action=yith-woocompare-add-product&id=2683&add-to-cart=43847,2026-03-11,Pending
https://e-mart.com.bd/?action=yith-woocompare-add-product&id=23990&add-to-cart=60574,2026-03-11,Pending
https://e-mart.com.bd/?action=yith-woocompare-add-product&id=24025&add-to-cart=50638,2026-03-11,Pending
https://e-mart.com.bd/?action=yith-woocompare-add-product&id=3403&add-to-cart=26749,2026-03-11,Pending
https://e-mart.com.bd/?action=yith-woocompare-add-product&id=25617&add-to-cart=38184,2026-03-11,Pending
https://e-mart.com.bd/?action=yith-woocompare-add-product&id=12345&add-to-cart=36316,2026-03-11,Pending
https://e-mart.com.bd/?action=yith-woocompare-add-product&id=2683&add-to-cart=74595,2026-03-11,Pending
https://e-mart.com.bd/?action=yith-woocompare-add-product&id=3403&add-to-cart=58506,2026-03-11,Pending
https://e-mart.com.bd/?action=yith-woocompare-add-product&id=25617&add-to-cart=74583,2026-03-11,Pending
https://e-mart.com.bd/?action=yith-woocompare-add-product&id=24025&add-to-cart=75024,2026-03-11,Pending
https://e-mart.com.bd/?action=yith-woocompare-add-product&id=2703&add-to-cart=36469,2026-03-11,Pending
https://e-mart.com.bd/?action=yith-woocompare-add-product&id=24021&add-to-cart=60376,2026-03-11,Pending
https://e-mart.com.bd/?action=yith-woocompare-add-product&id=2703&add-to-cart=74441,2026-03-11,Pending
https://e-mart.com.bd/?action=yith-woocompare-add-product&id=19352&add-to-cart=60460,2026-03-11,Pending
https://e-mart.com.bd/?action=yith-woocompare-add-product&id=24027&add-to-cart=38333,2026-03-11,Pending
https://e-mart.com.bd/?action=yith-woocompare-add-product&id=24021&add-to-cart=58798,2026-03-11,Pending
https://e-mart.com.bd/?action=yith-woocompare-add-product&id=3395&add-to-cart=60839,2026-03-11,Pending
https://e-mart.com.bd/?action=yith-woocompare-add-product&id=24021&add-to-cart=60396,2026-03-11,Pending
https://e-mart.com.bd/?action=yith-woocompare-add-product&id=24021&add-to-cart=59015,2026-03-11,Pending
https://e-mart.com.bd/?action=yith-woocompare-add-product&id=3381&add-to-cart=37242,2026-03-11,Pending
https://e-mart.com.bd/?action=yith-woocompare-add-product&id=24021&add-to-cart=60831,2026-03-11,Pending
https://e-mart.com.bd/?action=yith-woocompare-add-product&id=3395&add-to-cart=61726,2026-03-11,Pending
https://e-mart.com.bd/?action=yith-woocompare-add-product&id=3395&add-to-cart=4091,2026-03-11,Pending
https://e-mart.com.bd/?action=yith-woocompare-add-product&id=4453&add-to-cart=60206,2026-03-11,Pending
https://e-mart.com.bd/?action=yith-woocompare-add-product&id=25617&add-to-cart=37205,2026-03-11,Pending
https://e-mart.com.bd/?action=yith-woocompare-add-product&id=25622&add-to-cart=61763,2026-03-11,Pending
https://e-mart.com.bd/?action=yith-woocompare-add-product&id=3403&add-to-cart=26544,2026-03-11,Pending
https://e-mart.com.bd/product/medi-peel-melanon-x-cream-50-ml/,2026-03-11,Pending
https://e-mart.com.bd/product-tag/cleanser/?per_page=36&shop_view=grid&per_row=3,2026-03-11,Pending
https://e-mart.com.bd/product/some-by-mi-yuja-niacin-30-days-blemish-care-serum-50ml/,2026-03-10,Pending
https://e-mart.com.bd/product-category/beauty-toiletries/hair-care/hair-scalp-care-products/?add_to_wishlist=25084,2026-03-10,Pending
https://e-mart.com.bd/?action=yith-woocompare-add-product&id=24027&add-to-cart=48689,2026-03-10,Pending
https://e-mart.com.bd/?action=yith-woocompare-add-product&id=24025&add-to-cart=37369,2026-03-10,Pending
https://e-mart.com.bd/?action=yith-woocompare-add-product&id=24027&add-to-cart=75498,2026-03-10,Pending
https://e-mart.com.bd/?action=yith-woocompare-add-product&id=2703&add-to-cart=74289,2026-03-10,Pending
https://e-mart.com.bd/?action=yith-woocompare-add-product&id=12345&add-to-cart=60129,2026-03-10,Pending
https://e-mart.com.bd/product-category/hair-care/hair-scalp-care-products/?shop_view=grid&per_row=2,2026-03-10,Pending
https://e-mart.com.bd/?action=yith-woocompare-add-product&id=3395&add-to-cart=60615,2026-03-10,Pending
https://e-mart.com.bd/?action=yith-woocompare-add-product&id=2683&add-to-cart=58023,2026-03-10,Pending
https://e-mart.com.bd/?action=yith-woocompare-add-product&id=12345&add-to-cart=37510,2026-03-10,Pending
https://e-mart.com.bd/?action=yith-woocompare-add-product&id=3395&add-to-cart=74589,2026-03-10,Pending
https://e-mart.com.bd/?action=yith-woocompare-add-product&id=3381&add-to-cart=51258,2026-03-10,Pending
https://e-mart.com.bd/?action=yith-woocompare-add-product&id=3381&add-to-cart=43232,2026-03-10,Pending
https://e-mart.com.bd/product-brand/skylake/,2026-03-10,Pending
https://e-mart.com.bd/product-category/beauty-toiletries/hair-care/hair-styling-products/,2026-03-10,Pending
https://e-mart.com.bd/?action=yith-woocompare-add-product&id=25622&add-to-cart=61676,2026-03-10,Pending
https://e-mart.com.bd/?action=yith-woocompare-add-product&id=12345&add-to-cart=37111,2026-03-10,Pending
https://e-mart.com.bd/?action=yith-woocompare-add-product&id=2703&add-to-cart=74171,2026-03-10,Pending
https://e-mart.com.bd/?action=yith-woocompare-add-product&id=12345&add-to-cart=61788,2026-03-10,Pending
https://e-mart.com.bd/?action=yith-woocompare-add-product&id=12345&add-to-cart=27066,2026-03-10,Pending
https://e-mart.com.bd/?action=yith-woocompare-add-product&id=3395&add-to-cart=55859,2026-03-10,Pending
https://e-mart.com.bd/?action=yith-woocompare-add-product&id=3403&add-to-cart=60940,2026-03-10,Pending
https://e-mart.com.bd/?action=yith-woocompare-add-product&id=3403&add-to-cart=36391,2026-03-10,Pending
https://e-mart.com.bd/?action=yith-woocompare-add-product&id=24027&add-to-cart=60164,2026-03-10,Pending
https://e-mart.com.bd/?action=yith-woocompare-add-product&id=25622&add-to-cart=61707,2026-03-10,Pending
https://e-mart.com.bd/?action=yith-woocompare-add-product&id=23484&add-to-cart=50830,2026-03-10,Pending
https://e-mart.com.bd/?action=yith-woocompare-add-product&id=24021&add-to-cart=60665,2026-03-10,Pending
https://e-mart.com.bd/?action=yith-woocompare-add-product&id=2703&add-to-cart=59032,2026-03-10,Pending
https://e-mart.com.bd/product-category/hair-care/hair-colors/?shop_view=grid&per_row=2,2026-03-10,Pending
https://e-mart.com.bd/?action=yith-woocompare-add-product&id=4453&add-to-cart=37284,2026-03-10,Pending
https://e-mart.com.bd/?action=yith-woocompare-add-product&id=25617&add-to-cart=60186,2026-03-10,Pending
https://e-mart.com.bd/?action=yith-woocompare-add-product&id=4453&add-to-cart=61696,2026-03-10,Pending
https://e-mart.com.bd/?action=yith-woocompare-add-product&id=3381&add-to-cart=36207,2026-03-10,Pending
https://e-mart.com.bd/product-category/skin-care/face-serums-ampoules/?per_page=9,2026-03-10,Pending
https://e-mart.com.bd/?action=yith-woocompare-add-product&id=24025&add-to-cart=37224,2026-03-10,Pending
https://e-mart.com.bd/2025/07/13/🌿-vt-cosmetics-reedle-shot-100-স্কিনকেয়ারের-নতু/,2026-03-10,Pending
https://e-mart.com.bd/product/the-face-shop-herb-day-365-master-blending-foaming-cleanser-peach-fig-170ml-2/?product_brand=ryo,2026-03-10,Pending
https://e-mart.com.bd/?action=yith-woocompare-add-product&id=25622&add-to-cart=37487,2026-03-10,Pending
https://e-mart.com.bd/?action=yith-woocompare-add-product&id=24021&add-to-cart=61531,2026-03-10,Pending
https://e-mart.com.bd/?action=yith-woocompare-add-product&id=2703&add-to-cart=74643,2026-03-10,Pending
https://e-mart.com.bd/?action=yith-woocompare-add-product&id=24021&add-to-cart=74183,2026-03-10,Pending
https://e-mart.com.bd/?action=yith-woocompare-add-product&id=2703&add-to-cart=50515,2026-03-10,Pending
https://e-mart.com.bd/?action=yith-woocompare-add-product&id=19352&add-to-cart=60184,2026-03-10,Pending
https://e-mart.com.bd/?action=yith-woocompare-add-product&id=24021&add-to-cart=60667,2026-03-10,Pending
https://e-mart.com.bd/?action=yith-woocompare-add-product&id=25617&add-to-cart=2597,2026-03-10,Pending
https://e-mart.com.bd/product-category/skin-care/facial-cleansers/cleanser/?per_page=24&add-to-cart=36577,2026-03-10,Pending
https://e-mart.com.bd/?action=yith-woocompare-add-product&id=3403&add-to-cart=61333,2026-03-10,Pending
https://e-mart.com.bd/?action=yith-woocompare-add-product&id=19352&add-to-cart=2737,2026-03-10,Pending
https://e-mart.com.bd/product-tag/rose/,2026-03-10,Pending
https://e-mart.com.bd/?action=yith-woocompare-add-product&id=2683&add-to-cart=74158,2026-03-10,Pending
https://e-mart.com.bd/product/beauty-of-joseon-radiance-cleansing-balm-100ml/,2026-03-10,Pending
https://e-mart.com.bd/product-category/makeup-cosmetics/face/?shop_view=grid&per_row=3,2026-03-10,Pending
https://e-mart.com.bd/product/ponds-magic-powder-bb-50gm-th/,2026-03-10,Pending
https://e-mart.com.bd/?action=yith-woocompare-add-product&id=24021&add-to-cart=57109,2026-03-10,Pending
https://e-mart.com.bd/shop/some-by-mi-super-matcha-pore-care-starter-kit-4pcs,2026-05-09,Failed
https://e-mart.com.bd/blog/how-to-get-rid-of-dark-spots-with-korean-skin-care-products,2026-05-09,Failed
https://e-mart.com.bd/shop/simple-hydrating-cleansing-oil-125ml,2026-05-09,Failed
https://e-mart.com.bd/product/simple-hydrating-cleansing-oil-125ml/?add-to-cart=4318,2026-05-09,Failed
https://e-mart.com.bd/shop/buy-cos-de-baha-acne-clearing-serum-acne-treatment-30ml,2026-05-09,Failed
https://e-mart.com.bd/shop/im-from-rice-serum-30ml,2026-05-09,Failed
https://e-mart.com.bd/shop/m-a-c-amplified-lipstick-vegas-volt-3gm,2026-05-09,Failed
https://e-mart.com.bd/shop/jumiso-rich-nourishment-sheet-mask-26ml,2026-05-09,Failed
https://e-mart.com.bd/shop/rovectin-travel-kit-4-step,2026-05-09,Failed
https://e-mart.com.bd/shop/the-inkey-list-succinic-acid-blemish-treatment-15ml,2026-05-09,Failed
https://e-mart.com.bd/shop/dabo-elegance-love-body-lotion-500ml,2026-05-09,Failed
https://e-mart.com.bd/shop/thank-you-farmer-safe-sun-fluid-age-0880-spf50-pa,2026-05-09,Failed
https://e-mart.com.bd/shop/hts-anti-hair-loss-scalp-tonic-150ml,2026-05-09,Failed
https://e-mart.com.bd/shop/the-face-shop-herbday-365-cleansing-foam-aloe-green-tea-170ml,2026-05-09,Failed
https://e-mart.com.bd/shop/cos-de-baha-centella-asiatica-facial-serum-ch-30ml,2026-05-09,Failed
https://e-mart.com.bd/shop/pax-moly-honey-radiant-glow-cream-100g,2026-05-09,Failed
https://e-mart.com.bd/shop/rovectin-clean-marine-micellar-deep-cleansing-water-400ml,2026-05-09,Failed
https://e-mart.com.bd/shop/skinfood-yuja-c-dark-spot-clear-essence,2026-05-09,Failed
https://e-mart.com.bd/shop/3w-clinic-enrich-lovely-foot-cream-100ml,2026-05-09,Failed
https://e-mart.com.bd/shop/nature-republic-soothing-moisture-aloe-vera-92-soothing-gel,2026-05-09,Failed
https://e-mart.com.bd/shop/cos-de-baha-aha-serum-60ml-n60,2026-05-09,Failed
https://e-mart.com.bd/shop/simple-protect-n-glow-rest-and-reset-72h-hydrating-gel-50ml,2026-05-09,Failed
https://e-mart.com.bd/shop/heeyul-premium-24k-gold-ampoule-cream,2026-05-09,Failed
https://e-mart.com.bd/shop/the-inkey-list-salicylic-acid-cleanser-150ml,2026-05-09,Failed
https://e-mart.com.bd/shop/confume-argan-smoothing-hair-essence-500-gm,2026-05-09,Failed
https://e-mart.com.bd/shop/secret-key-snow-white-milky-pack-120g,2026-05-09,Failed
https://e-mart.com.bd/shop/tiam-vita-a-bakuchiol-firming-eye-cream,2026-05-09,Failed
https://e-mart.com.bd/shop/carenel-derma-alpha-arbutin-gluthathoine-whiteing-cream/,2026-05-08,Failed
https://e-mart.com.bd/?add_to_wishlist=1756&add-to-cart=27206,2026-05-08,Failed
https://e-mart.com.bd/?add_to_wishlist=2168&add-to-cart=55874,2026-05-08,Failed
https://e-mart.com.bd/?add_to_wishlist=3287&add-to-cart=74392,2026-05-08,Failed
https://e-mart.com.bd/?add_to_wishlist=2168&add-to-cart=3823,2026-05-08,Failed
https://e-mart.com.bd/refund_returns/,2026-05-08,Failed
https://e-mart.com.bd/shipping-delivery/,2026-05-07,Failed
https://e-mart.com.bd/?add_to_wishlist=3287&add-to-cart=74227,2026-05-06,Failed