50649	_thumbnail_id	59038
51434	_thumbnail_id	51435
51704	_thumbnail_id	51881
56155	_thumbnail_id	57481
56155	_thumbnail_id	57481
56155	_thumbnail_id	56157
56319	_thumbnail_id	59502
57875	_thumbnail_id	57481
57875	_thumbnail_id	57876
57875	_thumbnail_id	57481
58363	_thumbnail_id	57481
58363	_thumbnail_id	57481
58363	_thumbnail_id	58364
58418	_thumbnail_id	58419
59223	_thumbnail_id	59233
59347	_thumbnail_id	59348
74110	_thumbnail_id	74107
74116	_thumbnail_id	74115
74213	_thumbnail_id	74210
74215	_thumbnail_id	74212
74253	_thumbnail_id	91597
74255	_thumbnail_id	74254
74257	_thumbnail_id	74254
74267	_thumbnail_id	74264
74327	_thumbnail_id	74326
74398	_thumbnail_id	74395
74404	_thumbnail_id	74403
74429	_thumbnail_id	74426
74458	_thumbnail_id	74453
74466	_thumbnail_id	74463
74472	_thumbnail_id	74469
74502	_thumbnail_id	74501
74532	_thumbnail_id	74531
74583	_thumbnail_id	74576
74599	_thumbnail_id	74596
74618	_thumbnail_id	93063
74661	_thumbnail_id	74660
74667	_thumbnail_id	74664
74677	_thumbnail_id	74674
74687	_thumbnail_id	74674
74699	_thumbnail_id	74696
74705	_thumbnail_id	74704
74719	_thumbnail_id	74716
74737	_thumbnail_id	74736
74877	_thumbnail_id	74874
74881	_thumbnail_id	74878
74981	_thumbnail_id	74980
74983	_thumbnail_id	74980
75032	_thumbnail_id	91598
75052	_thumbnail_id	75049
75056	_thumbnail_id	75055
75058	_thumbnail_id	75057
75060	_thumbnail_id	75057
75064	_thumbnail_id	75061
75066	_thumbnail_id	75063
75103	_thumbnail_id	75102
75143	_thumbnail_id	75140
75147	_thumbnail_id	75144
75149	_thumbnail_id	75146
75151	_thumbnail_id	75148
75189	_thumbnail_id	75188
75233	_thumbnail_id	75232
75265	_thumbnail_id	75264
75371	_thumbnail_id	57481
75419	_thumbnail_id	91676
75431	_thumbnail_id	91674
75437	_thumbnail_id	91668
75461	_thumbnail_id	91665
75467	_thumbnail_id	91663
75515	_thumbnail_id	91650
75557	_thumbnail_id	91635
75559	_thumbnail_id	91634
75561	_thumbnail_id	91632
75563	_thumbnail_id	91631
75613	_thumbnail_id	91615
